OF2,OF3,OF4,OF5,OF6,OF7,OF8,OF9,OF10,OF11,OF13,OF14,OF15,OF16,OF17,OF18,OF19,OF20,OF21,OF22,OF23,OF24,OF25,OF26,OF27,OF28,OF30,OF31,OF33,OF34,OF37,OF38,F1,F2,F3_a,F3_b,F3_c,F3_d,F3_e,F3_f,F3_g,F4,F5,F6,F7,F8,F9,F10,F12,F13,F14,F15,F16,F17,F18,F19,F20,F21,F22,F23,F24,F25,F28,F29,F30,F31,F32,F33,F34,F35,F36,F37,F38,F39,F40,F41,F43,F44,F45,F46,F47,F48,F49,F50,F51,F52,F53,F54,F55,F56,F57,F58,F59,F62,F63,F64,F65,F66b,F67,F68,S1,S2,S4,S5,PR,PR_Benefit
4,5,5,6,0,0,4,1,1,5,4,4,2,5,1,0.07,0,4,4,2,1,3,1,4,2272,1,0,1,1,0,0,4,3,0,0,2,0,4,0,2,2,2,80,1,3,0,0,0,2,3,1,1,2,4,1,1,3,1,2,4,5,4,2,1,2,1,0,0,0,0,0,0,0,0,0,1,1,1,1,0,2,1,1,5,0,0,5,1,4,1,1,3,3,5,0,0,0,0,0,0,0.333333333,0,0,0,4.748,7.164
4,5,5,4,3,0,4,4,3,1,5,2,3,5,1,0.22,0,4,4,2,1,3,3,4,2272,2,0,0,0,0,1,4,4,3,0,0,0,0,2,0,5,1,0,4,4,1,2,2,2,1,1,2,2,2,1,1,1,2,1,4,3,1,2,3,2,5,1,5,2,1,3,1,0,1,3,0,1,2,0,0,1,1,2,4,2,4,5,1,4,3,2,3,2,5,0,2,0,0,0,0,0.333333333,0,0,0,4.517,2.64
4,5,5,6,1,0,5,1,1,5,6,3,2,5,4,0.13,0,4,4,1,1,2,2,4,2314,2,0,1,1,1,0.8,3,4,0,0,0,0,0,0,2,5,1,0,4,4,2,4,1,1,2,3,1,1,1,1,3,1,3,1,4,2,3,2,3,1,4,0,0,0,0,0,0,0,0,0,1,1,1,2,0,2,1,1,5,0,0,5,1,4,2,0,5,2,3,0,0,0,0,1,0,0.5,0,0,0,6.606,7.808
1,5,6,2,3,1,4,2,1,3,4,6,6,2,2,0.0356,0,4,4,2,2,3,3,6,2180,0,0,0,0.857142857,0.857142857,0.6,4,2,3,0,0,3,0,1,4,0,3,224,1,1,0,0,0,1,2,4,0,1,1,1,2,3,3,1,2,5,5,1,1,1,5,0,0,0,0,0,0,0,0,0,0,2,1,4,0,3,3,2,4,1,2,5,6,4,1,1,4,2,7,0,1,0,0,0.833333333,0,0.666666667,0,0,0,7.084,1.939
2,4,4,6,2,1,4,1,3,5,6,4,6,2,2,0.08,0,4,4,1,3,1,2,4,2062,2,0,0,0.714285714,0.714285714,0.4,4,3,0,0,1,0,4,0,2,1,1,80,3,1,0,0,0,1,5,1,1,1,3,1,1,2,1,3,2,4,5,3,2,2,1,0,0,0,0,0,0,0,0,0,1,1,2,4,0,3,3,2,4,1,2,5,1,4,1,1,5,2,7,0,0,0,0,0.666666667,0,0.333333333,0,0,0,4.586,8.217
1,5,5,3,2,0,3,4,3,5,6,6,6,2,2,0.49,0,4,4,2,1,3,1,4,1846,2,0,0,0.571428571,0.571428571,0.2,3,4,3,0,0,1,3,0,1,5,2,104,3,3,3,3,1,1,4,1,2,2,2,2,2,3,3,2,3,2,2,2,2,3,4,1,5,3,3,3,1,0,0,1,1,1,2,3,0,2,3,1,5,0,0,3,6,4,1,1,6,1,7,0,1,0,0,0.5,0,0,0,0,0,5.072,5.981
3,3,4,7,1,3,3,4,3,6,7,3,5,2,4,0.3008,0,4,4,3,1,2,1,4,1936,2,0,0,0.428571429,0.428571429,0,3,4,3,1,0,0,2,0,2,5,1,192,4,4,1,2,1,1,2,1,1,2,2,2,2,3,4,3,3,4,1,2,2,3,4,1,5,4,1,1,1,0,1,3,1,1,1,1,0,1,3,1,1,2,2,5,1,4,1,1,6,1,7,0,1,6.83,0,0.333333333,0,0.5,0,0,0,6.746,7.047
1,4,5,6,3,3,4,5,3,6,7,4,6,2,2,0.51,0,4,4,2,1,2,2,4,1657,2,0,0,0.285714286,0.285714286,0,3,3,0,0,0,0,4,0,2,3,0,64,3,3,1,1,1,1,5,2,1,1,4,1,1,1,3,2,3,4,5,2,2,2,1,0,0,0,0,0,0,0,0,0,1,1,2,2,0,3,3,1,5,0,0,5,1,4,1,1,6,1,7,0,1,7.09,0,0.166666667,0,0,0,0,0,6.093,6.381
3,5,7,1,0,0,4,4,3,5,7,6,6,5,4,0.43,0,4,4,2,1,3,3,4,1342,0,0,0,0.142857143,0.142857143,0,4,3,0,5,2,1,1,1,1,0,2,63,3,1,0,0,0,1,2,2,3,2,4,2,1,2,3,4,2,3,5,2,2,2,2,0,0,0,0,0,0,0,0,0,1,1,2,5,0,2,3,2,5,0,0,5,1,4,1,1,6,1,7,0,0,7.35,380,0,0,0,0,0,0,4.94,6.031
4,5,7,1,0,0,5,4,3,1,5,2,4,5,4,0.52,0,4,4,2,1,3,3,4,1985,0,0,0,0,0,0,2,3,0,4,3,1,1,1,1,0,3,63,3,1,0,0,0,1,1,2,2,2,3,2,1,2,1,3,2,3,5,2,2,1,2,0,0,0,0,0,0,0,0,0,1,2,2,4,1,3,3,2,4,2,2,5,1,4,1,1,6,1,7,0,1,6.56,81,0,0,0,0,0,0,4.394,6.236
4,4,6,4,2,0,5,2,3,5,6,6,6,2,2,0.08,0,4,4,2,1,2,2,3,1757,2,0,0,0.5,0,0,3,3,0,0,0,0,4,0,2,3,2,64,3,3,3,1,2,1,5,1,1,2,4,1,1,3,2,2,2,5,5,1,1,1,1,0,0,0,0,0,0,0,0,0,1,1,2,3,1,3,3,1,5,0,0,5,1,4,1,1,6,1,7,0,1,6.705,63,0,0,0,0,0,0,5.355,6.739
5,5,7,1,3,0,4,4,3,4,1,1,4,2,4,0.59,0,4,4,2,1,3,3,4,1985,0,0,0,1,0,0,1,2,3,1,0,1,0,1,4,2,2,160,4,2,2,1,2,1,2,4,1,2,1,1,1,1,4,4,2,1,5,2,2,2,2,1,4,5,5,3,1,1,0,2,1,1,2,5,0,1,3,1,5,0,0,5,1,4,1,2,6,1,7,0,1,6.85,45,0,0,0,0,0,0,4.821,5.897
4,5,6,6,1,0,3,5,3,5,7,6,6,1,4,0.38,0,4,4,1,3,3,1,4,1833,2,0,0,1,0,0,3,4,3,0,0,2,1,0,1,5,1,224,3,4,2,4,1,1,1,1,3,2,1,2,3,3,4,2,5,2,2,1,2,3,5,1,5,3,5,1,0,0,0,1,0,1,2,5,0,1,3,1,2,2,1,5,2,4,3,1,6,1,7,0,1,6.64,62.5,0,0,0.666666667,0,0,0,5.864,2.407
3,5,7,1,3,0,4,5,3,5,7,4,6,5,4,0.07,0,4,4,2,1,3,1,4,1426,0,0,0,1,0,0,1,4,0,1,0,0,1,0,3,3,1,40,4,3,1,2,1,1,1,2,2,2,4,1,2,2,3,4,3,1,2,3,2,2,4,1,4,5,5,2,1,0,1,3,1,1,1,3,0,1,3,1,5,0,0,5,1,4,1,1,6,1,7,0,1,6.43,80,0,0,0,0,0,0,5.349,6.331
4,5,7,1,3,0,4,3,2,5,5,4,5,4,4,0.23,1,4,4,2,1,3,3,4,1815,1,0,0,1,0,0,2,4,0,0,0,0,2,0,2,5,1,64,3,4,2,1,1,1,2,3,3,2,1,1,1,2,2,2,4,1,3,2,2,2,5,1,3,5,5,2,1,0,1,2,1,1,1,3,0,1,3,1,5,0,0,5,1,4,1,1,6,1,7,0,2,5.19,80,1,0,0,0,0,0,5.024,10
4,5,7,1,3,0,5,5,3,5,3,4,6,1,4,0.72,0,4,4,3,1,3,3,4,1455,0,0,0,1,0,0,1,2,3,1,0,1,0,1,1,4,1,192,4,4,2,1,2,1,1,5,2,2,1,1,1,1,3,4,3,1,1,2,5,1,5,1,5,4,5,3,1,0,0,2,1,1,1,1,0,1,2,1,5,0,0,5,1,4,1,1,1,1,4,0,1,6.43,80,0,0,0,0,0,0,5.517,6.067
4,5,7,1,3,0,4,5,3,4,6,4,6,5,4,0.66,0,0,0,2,1,3,2,4,1357,0,0,0,1,0,0,2,2,3,1,0,2,1,2,3,3,2,128,4,3,1,1,1,1,2,4,2,2,1,1,2,1,3,2,2,2,2,2,5,2,5,1,5,3,5,2,1,0,1,2,1,2,1,2,0,1,3,1,5,0,0,5,1,4,1,0,6,1,7,0,1,4.16,52,1,0,0,0.063492063,0.047619048,0,5.983,10
1,4,6,2,3,2,3,5,3,5,7,4,6,2,4,0.079,0,4,4,1,3,2,1,0,1666,2,0,0,1,0,0,0,3,0,2,0,1,5,0,1,1,0,96,3,1,0,0,0,1,5,3,0,2,4,1,1,3,4,3,3,3,5,2,2,2,1,1,0,3,5,1,1,0,0,3,1,1,1,5,0,3,3,3,5,0,0,4,6,4,1,0,6,1,7,0,0,5.28,60,0.5,0,0.666666667,0.126984127,0.095238095,0,4.327,7.851
1,5,7,1,3,0,4,5,3,3,7,6,6,3,4,0.56,0,4,4,1,1,3,3,4,1345,2,0,0,1,0,0,2,3,0,3,0,2,2,1,2,2,1,202,3,2,3,1,2,1,2,1,3,2,2,3,1,3,1,4,2,2,3,2,2,2,2,1,4,3,5,1,1,0,0,3,1,1,2,4,0,2,3,1,5,0,0,0,1,4,1,0,6,1,7,0,0,6.4,68,0,0,0,0.19047619,0.142857143,0,4.583,6.2
2,5,7,1,3,0,4,5,3,5,5,5,5,3,4,0.46,0,4,4,3,1,0,3,5,1859,2,0,0,1,0,0,2,2,0,1,0,1,0,1,2,5,1,0,4,4,1,1,1,1,2,4,3,2,1,1,1,2,3,2,4,1,3,2,2,2,5,1,3,5,5,2,1,0,0,3,1,2,1,3,0,3,3,1,5,0,0,5,2,4,1,1,6,1,7,0,0,3.6,80.33333333,0,0,0.5,0.253968254,0.19047619,0,6.018,5.728
2,5,7,2,3,1,4,4,3,5,7,3,6,3,4,0.038,0,4,4,2,2,2,3,5,1670,0,0,0,1,0,0,2,4,0,0,0,0,0,0,4,4,1,64,4,4,1,3,1,1,1,1,1,1,1,1,1,3,3,3,4,2,4,2,1,3,4,1,4,3,5,1,1,0,0,3,1,1,1,2,0,3,3,2,5,0,0,4,6,4,3,0,6,1,7,0,0,4.775,92.66666667,0,0,0.666666667,0.317460317,0.238095238,0,5.219,7.191
3,5,7,1,3,0,4,5,3,5,5,4,6,5,4,0.7,0,4,4,2,1,3,3,4,1579,2,0,0,1,0,0,2,4,0,1,1,1,1,0,3,3,3,64,4,3,2,2,2,1,2,3,2,2,3,1,1,2,4,3,3,1,2,3,3,3,5,1,4,3,5,3,1,0,0,2,0,2,2,2,1,2,3,1,4,2,2,5,1,4,1,1,4,1,3,0,1,5.95,105,0,0,0,0.380952381,0.285714285,0,5.246,1.107
3,4,6,6,3,1,3,4,2,5,7,4,6,3,2,0.1837,0,4,4,2,3,3,3,4,1865,2,0,0,1,0,0,3,4,3,1,1,0,2,0,2,4,3,240,2,4,3,4,1,1,3,2,2,2,3,1,1,3,3,3,4,2,4,2,2,2,3,1,4,5,5,1,1,0,0,2,0,1,1,3,0,1,3,1,3,2,1,5,6,4,1,1,6,1,0,0,1,6.235,152,0,0.5,0.333333333,0.444444444,0.333333333,0,5.619,2.131
3,4,7,1,3,0,4,1,2,5,7,5,2,5,4,0.1,0,4,4,2,1,2,3,4,2194,0,0,0,1,0,0,4,4,3,0,0,0,1,0,1,6,2,64,4,4,3,3,1,1,2,1,1,1,2,1,2,1,2,4,2,1,2,2,3,1,5,1,5,3,5,2,1,1,0,0,1,2,2,3,1,3,3,1,4,2,2,5,5,4,1,1,5,1,7,0,3,6.52,199,0,1,0.5,0.395061728,0.296296296,0,4.86,6.893
3,5,7,0,3,0,5,5,3,5,7,4,6,4,4,0.77,0,4,4,3,1,3,2,4,1337,2,0,0,1,0,0,2,2,3,1,0,1,0,1,1,4,2,192,4,4,2,1,2,1,1,5,1,2,3,1,2,1,3,4,2,2,1,2,2,2,5,1,5,5,5,1,1,0,0,1,1,1,2,4,0,3,3,1,5,0,0,5,1,4,1,1,5,1,4,0,1,4.45,101,0,0,0,0.345679012,0.259259259,0,5.39,5.469
3,5,6,3,3,2,4,2,2,5,3,4,6,1,2,0.25,0,4,4,2,1,2,3,3,2232,2,0,0,1,0,0,3,2,4,0,0,0,1,0,3,4,1,80,3,4,4,2,1,1,2,4,2,2,1,1,1,3,3,2,3,3,4,1,1,1,5,1,3,4,5,2,0,0,0,1,0,2,2,2,0,3,3,1,4,2,1,5,1,4,2,1,6,1,7,0,1,4.055,83,0,0,0,0.296296296,0.222222222,0,6.797,1.548
3,6,7,1,3,0,4,5,3,5,6,4,6,5,4,0.76,0,4,4,3,1,3,3,4,1363,0,0,0,1,0,0,1,1,3,0,0,1,0,3,3,2,2,160,4,2,1,1,1,1,1,5,1,1,1,1,1,1,3,2,2,5,2,1,5,2,5,1,5,5,5,3,1,0,0,2,0,5,0,0,1,3,3,1,5,0,0,5,1,4,1,0,6,1,7,0,1,3.66,65,0,0,0,0.24691358,0.185185185,0,10,0.478
3,5,7,1,3,0,4,5,3,5,3,5,4,4,4,0.35,0,4,4,2,1,3,1,4,2166,0,0,0,0.5,0,0,4,3,0,0,1,1,2,1,4,2,1,80,3,2,3,1,2,1,3,2,1,2,2,2,1,2,2,4,2,2,3,2,2,2,3,1,4,4,5,2,1,0,0,2,1,2,1,5,0,1,3,1,5,0,0,5,1,4,1,0,6,1,7,0,1,6.46,57,1,0,0,0.197530864,0.148148148,0,5.587,6.097
3,5,7,1,3,0,4,4,3,5,7,3,5,4,4,0.7,1,4,4,3,1,3,3,4,1730,2,0,0,0,0,0,1,3,4,1,1,1,5,1,1,1,1,64,4,2,3,1,2,1,5,1,2,1,1,1,1,1,4,4,2,2,5,2,2,1,3,1,4,5,5,3,1,0,0,2,0,1,1,5,0,1,3,1,5,0,0,5,1,4,1,1,6,1,7,0,1,6.5,108,0,0,0,0.148148148,0.111111111,0,5.619,10
4,5,7,1,0,0,4,5,3,4,5,3,6,5,4,0.76,0,4,4,3,1,3,3,4,1579,0,0,0,0,0,0,2,1,3,1,0,1,0,1,4,2,1,192,3,1,0,0,0,1,1,4,2,2,1,1,2,3,3,2,2,4,2,2,2,2,5,1,5,4,5,3,1,0,0,2,0,5,0,0,1,3,3,1,5,0,0,5,1,4,1,1,6,1,7,0,1,3.96,230,0,0,0,0.098765432,0.074074074,0,10,0.478
4,5,7,1,3,0,4,4,3,3,7,6,6,4,4,0.31,1,4,4,2,1,3,3,4,1609,2,0,0,0,0,0,4,4,3,1,0,1,1,1,1,5,1,232,0,4,1,2,2,1,2,2,2,2,1,1,1,2,3,3,4,1,3,2,2,3,5,1,4,4,5,2,1,0,1,2,1,1,1,3,0,1,2,1,5,0,0,5,1,4,2,2,6,1,7,0,1,6.28,160,1,0,0,0.049382716,0.037037037,0,5.382,10
4,5,7,4,2,1,4,2,3,5,6,4,6,2,3,0.1969,0,4,4,2,2,3,2,4,1697,2,0,0,0,0,0,2,2,4,1,0,0,1,0,4,3,1,224,4,3,4,2,1,1,3,3,1,1,3,1,1,3,2,2,4,3,2,1,3,2,3,1,5,4,5,3,1,0,0,1,1,1,2,4,0,3,3,1,4,2,1,5,1,4,1,1,6,1,7,0,0,5.96,190.5,0,1,0,0,0,0,6.142,6.586
4,4,7,2,2,1,5,1,2,6,3,5,5,4,2,0.322,0,4,4,1,1,2,2,4,1991,2,0,0,0,0,0,4,4,2,1,1,0,2,0,0,5,0,112,1,4,2,4,1,1,3,2,2,1,1,1,1,2,3,3,4,2,4,2,2,2,3,1,3,4,5,2,1,0,0,2,1,1,2,2,0,1,3,1,5,0,0,5,1,4,1,1,6,1,7,0,2,5.64,221,0,1,0,0,0.416666667,0,6.392,6.815
4,5,7,3,1,1,4,3,3,5,6,5,5,3,2,0.3181,0,4,4,2,1,2,1,4,1853,2,0,0,0,0,0,4,2,0,1,1,0,3,0,4,2,1,80,2,2,4,2,1,1,1,4,1,1,1,1,1,3,3,2,4,2,4,1,2,2,2,1,3,5,5,1,1,0,0,1,0,2,1,2,0,3,3,1,4,2,3,2,1,4,1,1,6,1,7,0,0,5.32,251.5,0,1,0.5,0,0,0,6.208,1.975
4,4,7,2,3,3,4,4,3,5,5,5,6,3,2,0.252,0,4,4,2,1,3,1,4,2147,2,0,0,0,0,0,4,4,0,0,0,0,2,0,1,5,2,64,4,4,1,3,1,1,2,1,2,1,1,1,2,3,4,2,4,2,4,2,2,2,4,1,5,3,5,1,1,0,0,2,1,1,2,3,0,3,3,2,5,0,0,5,1,4,1,1,6,1,7,0,0,5,282,0,1,0.333333333,0,0,0.060606061,5.617,6.179
4,5,7,1,3,0,4,5,3,5,6,3,3,4,4,0.4,0,4,4,2,1,3,3,4,1496,2,0,0,0,0,0,2,2,3,1,0,1,0,1,2,5,1,64,4,4,1,1,1,1,2,4,2,2,1,1,1,2,3,2,4,1,3,2,2,3,5,1,4,4,5,2,1,0,0,2,1,1,1,3,0,1,3,1,5,0,0,5,1,4,1,1,6,1,7,0,1,4.68,312.5,0,1,0,0,0,0.121212121,6.632,6.056
4,5,7,2,3,1,5,4,3,5,3,4,6,4,3,0.52,0,4,4,1,1,3,1,5,1846,2,0,0,0,0,0,2,2,4,1,0,2,0,0,4,3,3,192,4,3,2,2,1,1,3,4,2,1,2,1,1,3,3,2,3,4,2,1,3,3,3,1,5,4,5,3,1,0,0,3,1,1,2,2,0,3,3,2,5,0,0,4,6,4,1,1,6,1,7,0,0,5.463333333,343,0,1,0,0,0,0.181818182,7.3,6.233
4,5,7,1,3,0,4,5,3,5,3,0,3,5,4,0.62,0,4,4,1,1,3,3,4,1523,0,0,0,0,0,0,2,3,4,1,0,1,1,0,4,2,3,192,1,2,2,1,1,1,3,1,2,1,2,2,1,2,4,4,3,1,3,2,2,2,2,1,3,3,5,2,1,0,0,2,1,1,1,4,0,1,3,1,5,0,0,5,1,4,1,1,6,1,7,0,1,6.246666667,373.5,0,1,0,0,0,0.242424243,5.219,6.15
4,5,7,1,3,0,4,5,3,1,1,5,5,5,4,0.46,0,4,4,2,1,3,3,4,1730,2,0,0,0,0,0,2,3,4,2,1,1,3,0,2,3,1,96,2,3,2,3,2,1,3,1,2,2,2,1,1,2,3,3,4,1,3,2,2,2,5,1,3,2,5,2,1,1,1,3,1,2,1,5,0,1,3,1,4,2,2,5,1,4,1,2,6,1,7,0,2,7.03,404,0,0,0,0,0,0.303030303,5.418,6.279
4,5,6,1,3,0,4,5,3,1,5,4,3,5,4,0.29,0,4,4,2,1,3,1,4,2078,2,0,0,0,0,0,4,3,3,1,1,1,1,1,2,4,3,252,3,4,2,3,2,1,2,1,3,2,3,1,1,2,5,2,4,1,3,2,2,2,4,1,3,3,5,2,1,0,0,3,1,1,1,3,0,1,3,1,5,0,0,4,1,4,1,1,6,1,7,0,2,6.33,98,1,0,0,0,0,0.363636364,4.094,6.147
4,5,6,4,3,0,4,1,1,1,4,6,4,4,4,0.17,0,4,4,2,1,2,1,4,1933,2,0,0,0,0,0,4,4,3,0,0,0,2,0,2,4,3,64,4,4,2,2,2,1,2,1,2,2,1,2,1,2,3,2,5,1,3,2,3,3,5,1,4,2,5,2,1,1,1,3,1,2,1,3,0,1,2,1,3,2,2,5,1,4,3,2,5,1,7,0,2,7.03,242,1,0,0.333333333,0,0,0.424242424,5.465,7.498
5,5,5,4,3,1,3,2,1,2,5,2,3,2,1,0.004,0,4,4,2,2,2,2,4,2034,0,0,0,0,0,0,4,4,3,0,0,0,2,0,1,5,1,64,1,1,0,0,0,1,2,1,1,1,3,1,1,3,2,3,4,2,4,2,2,2,3,1,4,2,5,1,1,0,1,3,1,1,1,3,0,3,3,2,5,0,0,3,6,4,1,0,6,1,7,0,0,6.1,177.3333333,0,1,0.333333333,0,0,0.484848485,4.662,7.219
5,5,5,4,2,0,0,5,2,5,7,1,5,3,2,0.05,0,4,4,2,1,2,1,4,2041,2,0,0,0,0,0,3,3,4,1,0,0,3,0,4,3,3,96,4,4,4,3,1,1,3,3,3,2,4,1,3,3,3,3,4,2,4,1,2,3,3,1,4,3,5,2,1,0,0,1,1,1,2,1,0,2,3,1,4,2,1,4,1,4,2,1,6,1,7,0,2,5.17,112.6666667,0,0.5,0,0,0,0.545454546,6.552,6.69
5,5,7,2,3,0,4,2,2,5,4,2,5,4,4,0.53,0,4,4,2,1,3,3,5,1909,2,0,0,0,0,0,4,4,3,0,0,1,1,1,1,5,1,64,4,4,2,2,1,1,2,1,2,1,1,1,1,2,5,2,4,1,4,2,2,2,3,1,3,4,5,2,1,0,0,2,1,1,2,3,0,2,3,1,5,0,0,5,1,4,1,0,6,1,7,0,0,4.24,48,0,0,0,0,0,0.606060606,3.983,5.947
1,5,6,2,1,0,5,2,2,5,7,5,1,1,2,0.005,0,4,4,1,2,3,2,6,2169,1,0,0,0,0,0,2,4,0,0,0,0,0,0,0,6,0,0,3,5,1,4,1,2,1,1,1,1,1,1,1,3,3,4,4,1,5,3,2,2,2,1,3,4,5,2,0,0,0,1,0,1,2,3,0,3,3,2,5,0,0,5,1,4,2,1,6,1,5,0,0,5.665,204,0.5,1,0,0,0,0.666666667,5.201,2.079
4,4,7,1,3,0,4,3,2,1,4,2,3,5,4,0.286,0,4,4,2,1,2,1,3,1881,2,1,0,0,0,0,4,3,4,1,1,0,4,1,2,3,1,192,4,3,2,3,1,1,4,1,2,2,3,1,1,1,3,3,4,1,3,2,2,3,5,1,4,3,4,3,1,1,0,3,1,2,1,4,0,1,2,1,4,1,2,5,1,4,2,2,6,1,7,0,2,7.09,360,1,1,0.333333333,0,0,0.592592593,5.116,7.236
1,4,5,7,3,2,3,1,2,5,7,6,6,3,2,0.38,0,4,4,2,3,1,1,4,1904,2,0,0,0,0,0,4,4,3,0,0,0,1,0,0,5,0,0,4,5,1,4,1,1,2,1,3,2,2,1,3,3,3,2,4,2,5,2,2,2,4,1,3,2,4,1,1,0,0,3,1,1,1,3,0,2,3,2,4,2,3,3,6,4,1,1,6,1,7,0,2,6.81,300.6,0.666666667,1,0.333333333,0,0,0.518518519,5.193,8.002
2,5,6,2,3,2,4,5,3,5,6,4,6,4,4,0.3122,0,4,4,2,2,2,2,4,1846,0,0,0,0,0,0,4,4,2,0,0,0,0,0,4,4,1,64,4,4,1,3,1,1,3,4,1,1,1,1,4,3,3,3,4,2,3,3,3,2,4,1,4,4,4,3,1,0,1,3,1,1,1,2,0,1,3,2,5,0,0,3,6,4,1,0,6,1,3,0,2,6.53,241.2,0.333333333,1,0.333333333,0,0,0.444444445,5.51,6.962
3,5,7,1,3,0,4,1,3,1,4,6,1,5,4,0.01,0,4,4,1,1,3,3,4,2224,2,0,0,0,0,0,4,4,0,0,0,0,0,0,1,6,0,0,4,5,2,1,2,1,2,1,1,1,1,1,1,1,3,4,2,2,2,2,2,2,2,0,3,3,4,2,0,0,0,0,0,1,1,0,0,3,3,1,3,2,2,4,1,4,3,1,4,1,7,0,0,6.25,181.8,0,0.666666667,0,0,0,0.370370371,5.688,2.017
3,5,7,1,3,0,4,4,3,5,4,6,5,5,4,0.47,0,4,4,3,1,3,2,4,1890,0,0,0,0,0,0,2,2,0,1,0,1,0,1,4,3,1,170,4,3,1,1,1,1,1,5,2,2,1,1,1,1,4,4,2,2,3,2,4,3,5,1,4,2,4,2,1,0,1,2,0,1,1,5,0,1,3,1,5,0,0,5,1,4,1,0,6,1,7,0,1,4.17,122.4,0,0.333333333,0,0,0,0.296296296,5.69,0.719
4,5,7,2,3,0,4,5,3,2,4,4,6,5,4,0.77,0,4,4,3,1,3,3,4,1512,0,0,0,0,0,0,4,2,0,0,0,0,0,1,1,5,0,192,4,5,2,1,2,1,1,5,1,1,1,1,1,1,3,3,3,2,1,2,2,2,5,1,6,3,4,1,1,0,0,0,0,5,0,0,1,3,3,1,4,1,2,5,2,4,3,2,1,1,7,0,0,6.31,63,0,0,0.666666667,0,0,0.222222222,10,0.819
4,5,7,2,2,1,4,4,3,5,6,4,5,2,2,0.279,0,4,4,1,1,3,2,2,2073,0,0,0,0,0,0,4,4,3,0,0,0,2,0,0,5,0,64,4,4,1,3,1,1,2,1,2,1,1,1,1,3,2,2,4,2,4,2,3,3,4,1,4,2,4,3,1,0,1,3,1,1,1,3,0,1,3,2,4,2,2,5,6,4,1,0,6,1,7,0,2,5.745,78.4,0,1,0.666666667,0,0,0.148148148,5.364,6.646
4,5,7,1,3,0,4,5,3,1,3,5,5,5,4,0.48,0,4,4,2,1,3,3,2,1854,2,0,0,0,0,0,2,4,3,0,1,0,1,0,2,5,1,80,4,4,2,2,1,1,1,2,2,1,2,2,1,2,4,4,2,2,2,2,2,1,2,1,5,3,4,3,1,0,0,2,1,1,1,2,0,1,3,1,5,0,0,5,1,4,3,1,5,1,7,0,1,5.18,93.8,0,1,0,0,0,0.074074074,5.963,5.989
4,5,6,4,2,2,3,4,3,4,6,0,6,2,2,0.016,0,4,4,1,3,2,2,2,2062,2,0,0,0.5,0,0,4,4,0,0,0,0,2,0,2,5,1,64,3,4,3,4,1,1,3,1,2,1,5,1,1,3,3,2,4,1,4,1,2,2,3,1,3,3,4,1,0,0,0,2,1,1,2,3,0,1,3,2,5,0,0,5,1,4,3,1,6,1,7,0,2,5.46,109.2,0,1,0.333333333,0,0,0,5.794,7.903
4,5,6,4,3,0,3,2,2,5,1,2,2,4,1,0.03,0,4,4,2,1,3,2,4,2082,2,0,3,1,0,0,4,4,3,0,0,0,0,0,1,1,2,0,2,3,1,2,1,2,1,1,2,1,1,1,1,1,2,2,4,4,2,2,2,2,5,1,4,3,3,2,1,0,0,1,1,1,2,0,0,1,3,1,5,0,0,5,1,4,1,2,5,1,7,0,2,5.74,124.6,1,1,0.666666667,0,0,0,4.719,6.364
2,4,7,4,3,0,4,3,3,5,7,5,6,5,2,0.09,1,4,4,1,1,3,3,4,1516,2,0,0,1,0,0,4,4,3,0,0,0,0,0,2,5,1,72,4,4,2,4,1,1,2,1,1,1,1,1,1,1,3,2,4,1,5,2,2,1,4,1,3,4,3,1,1,0,0,2,1,1,1,3,0,1,3,1,4,2,2,4,1,4,1,0,6,1,7,0,1,6.02,140,0,1,0,0,0,0,5.372,10
3,5,7,1,3,0,4,5,3,5,7,4,6,5,4,0.08,0,4,4,2,1,3,2,4,1523,0,0,0,1,0,0,2,2,0,1,0,0,0,0,3,4,1,40,4,4,1,2,1,1,2,3,2,2,1,2,1,1,3,3,4,2,3,2,2,2,5,1,4,3,3,2,1,0,1,2,0,1,1,5,0,1,2,1,5,0,0,5,1,4,1,0,5,1,4,0,1,5.89,98,0,0,0,0,0,0,5.469,1.878
3,5,5,4,3,0,4,4,3,1,7,4,5,0,4,0.16,0,4,4,1,1,3,3,3,1865,2,0,0,1,0,0,1,4,2,0,0,0,0,0,2,4,1,64,4,4,1,1,1,1,2,2,2,2,2,1,2,2,5,4,3,1,3,2,2,2,4,1,5,5,3,2,1,0,0,1,1,1,1,2,0,1,3,1,4,1,2,4,1,4,3,2,5,1,7,0,2,4.18,384,0.5,0,0,0,0,0,4.014,6.731
4,6,6,1,3,0,4,4,3,1,7,5,1,3,4,0.01,0,4,4,2,2,2,1,4,1933,0,0,0,0,0,0,2,4,3,0,0,0,1,0,1,6,2,64,4,5,2,4,1,1,2,1,2,2,3,2,3,2,4,2,4,1,3,2,2,3,5,1,4,4,3,2,1,1,1,2,1,1,1,3,0,1,3,1,4,1,2,5,2,4,3,2,6,1,7,0,2,7.22,670,1,0,0,0,0,0,4.895,7.314
5,5,6,6,3,2,4,1,1,3,4,1,3,2,1,0.005,0,4,4,2,2,3,2,3,2024,2,0,0,0,0,0,3,3,3,0,4,0,2,0,1,1,2,85,4,1,0,0,0,2,2,1,2,2,4,1,2,2,1,3,2,4,5,4,2,2,3,1,3,5,3,1,1,0,0,2,1,4,0,0,0,1,3,2,4,2,3,2,6,4,1,1,6,1,7,0,2,6.785,457.5,1,0.333333333,0.333333333,0,0,0,10,7.199
2,5,7,1,3,0,4,5,3,5,7,6,4,5,4,0.4,0,4,4,2,1,3,1,4,1916,0,0,0,0,0,0,2,4,0,1,0,1,0,1,1,5,0,128,4,4,2,4,1,1,2,1,1,1,2,2,2,2,1,3,4,2,3,2,2,2,5,1,3,2,2,1,1,1,1,0,0,5,0,0,1,3,3,1,5,0,0,5,2,4,1,0,6,1,7,0,1,6.35,245,1,0.666666667,0,0,0,0,10,1.056
1,5,6,3,1,0,4,5,3,6,7,3,3,1,2,0.03,0,4,4,1,1,3,2,6,2026,2,0,0,0,0,0,2,2,4,1,0,2,0,2,0,5,1,128,4,4,3,1,1,1,2,4,1,1,3,2,2,3,3,3,2,5,1,1,1,1,1,0,0,5,2,1,0,0,0,0,0,1,2,3,0,2,3,1,5,0,0,5,1,4,1,1,6,1,7,0,0,5.825,204.2,0.5,1,0.333333333,0,0,0,7.393,1.642
1,5,6,7,2,1,3,4,2,5,5,6,3,3,3,0.1345,0,4,4,1,1,3,2,4,2009,0,0,0,0,0,0,4,4,3,1,1,1,2,0,2,3,2,76,4,4,2,2,2,1,2,1,2,2,2,2,3,2,2,3,3,2,2,2,3,3,5,1,5,3,2,3,1,0,1,0,1,2,1,2,0,1,3,1,5,0,0,5,1,4,1,1,1,1,7,0,1,5.3,163.4,0,0.875,0,0,0,0,5.58,6.555
2,4,5,7,2,0,3,4,3,5,2,2,3,1,2,0.07,0,4,4,3,0,2,1,4,2188,2,0,0,0,0,0,3,3,4,1,2,0,5,0,2,2,2,80,3,2,1,1,1,1,5,2,1,2,3,1,3,3,1,4,2,2,2,2,1,1,5,1,5,5,2,3,0,0,0,0,1,1,2,3,0,2,3,1,3,2,2,5,1,4,1,1,5,1,7,0,2,6.37,122.6,0,0.75,0.5,0,0,0,4.316,6.855
5,5,5,2,3,0,3,4,2,5,6,2,1,5,4,0.03,0,4,4,2,1,3,1,4,1893,2,0,1,0,0,0,4,4,0,0,0,0,2,1,2,4,1,64,1,4,1,3,1,3,2,1,1,1,1,1,1,1,2,2,4,3,4,2,2,2,4,1,4,2,2,2,1,0,0,2,1,1,1,2,0,1,1,2,5,0,0,5,1,4,2,2,5,1,7,0,1,6.22,81.8,0,0.625,0.5,0,0,0,5.423,7.197
4,5,7,1,3,0,4,5,3,4,3,4,6,4,4,0.51,0,4,4,2,1,3,3,3,1624,2,0,0,0,0,0,2,2,4,0,0,0,0,0,4,2,1,0,4,3,1,2,2,1,2,4,2,2,3,1,1,1,3,2,3,2,2,2,3,2,5,1,3,1,1,2,1,0,0,2,0,2,1,4,0,1,3,1,5,0,0,5,1,3,1,0,6,1,7,0,2,6.07,41,0,0.5,0,0,0,0,5.821,0.964
4,5,7,1,3,0,4,3,1,5,4,2,3,3,4,0.56,0,4,4,1,3,3,2,3,2254,0,0,0,0,0,0,0,4,3,0,0,0,0,1,2,5,2,0,3,4,1,3,1,1,2,1,2,1,1,1,1,1,2,1,4,2,4,2,3,2,4,1,4,4,1,3,1,0,1,1,1,1,1,3,0,1,3,1,4,2,2,5,1,4,3,0,6,1,7,0,2,5.495,58.75,1,0.375,0.333333333,0,0,0,5.104,7.16
4,5,4,6,0,0,2,4,3,4,6,3,3,2,2,0.25,0,4,4,2,3,3,3,6,2141,0,0,0,0,0,0,3,2,4,0,0,3,0,3,2,3,3,224,2,4,3,3,1,1,2,4,2,2,1,2,3,3,3,1,4,2,1,1,2,2,5,1,5,3,1,1,1,0,0,1,0,1,2,0,0,3,3,1,3,2,1,5,1,4,3,1,6,1,7,0,0,4.92,76.5,0,0.25,0.666666667,0,0,0,7.2,2.083
4,5,7,1,1,1,4,4,3,4,4,4,3,4,1,0.005,0,4,4,1,1,3,3,4,2109,2,0,0,0.25,0,0,4,3,4,0,1,0,4,0,2,3,1,80,3,3,1,2,1,1,5,2,2,2,4,1,2,3,2,3,4,2,5,2,2,3,1,0,0,0,0,0,0,0,0,0,1,1,2,5,0,1,3,2,5,0,0,4,6,4,1,0,6,1,7,0,2,4.345,94.25,0,0.125,0,0,0,0,4.815,6.662
2,5,7,1,3,0,5,5,3,4,6,4,6,5,4,0.8,0,4,4,3,1,3,0,3,1363,0,0,0,0.5,0,0,2,1,3,1,0,2,0,2,2,3,3,192,2,3,1,1,1,1,1,5,1,2,1,1,1,1,3,2,1,4,5,2,1,1,5,0,0,0,0,0,0,0,0,0,0,4,0,0,1,3,3,1,5,0,0,5,1,4,1,0,6,1,7,0,0,3.77,112,0,0,0,0,0,0,10,0.444
4,4,4,7,2,3,4,2,2,5,3,6,4,1,3,0.37,0,4,4,3,2,2,1,4,2122,2,0,0,0.75,0,0,3,3,4,2,1,1,5,0,2,2,1,88,3,3,2,2,1,1,1,1,2,2,2,1,2,2,2,2,2,5,4,3,2,2,1,0,0,0,0,0,0,0,0,0,1,1,2,4,0,1,3,1,5,0,0,5,1,4,1,1,6,1,7,0,2,6.67,108.3076923,0,0.0625,0.5,0,0,0,5.581,6.636
5,6,6,6,3,0,4,4,3,5,3,3,3,5,4,0.26,0,4,4,2,1,3,3,6,2314,0,0,2,1,0,0,4,1,0,0,0,1,0,2,2,2,2,0,4,5,0,0,0,1,1,4,1,1,1,1,1,1,3,1,2,5,1,1,3,1,5,0,0,0,0,0,0,0,0,0,0,5,0,0,0,3,3,1,5,0,0,5,1,4,1,1,6,1,7,0,0,6.518333333,104.6153846,0,0.125,0.333333333,0,0,0,10,1.172
3,4,5,4,0,0,3,3,3,4,3,4,3,5,4,0.2,0,4,4,2,1,3,3,6,2082,0,0,2,0,0,0,4,1,0,2,0,2,2,0,3,1,2,160,1,1,0,0,0,1,1,5,1,2,1,1,1,3,3,1,1,6,0,0,0,0,0,0,0,0,0,0,0,0,0,0,0,5,0,0,1,3,3,1,4,1,3,5,1,4,1,1,6,1,7,0,0,6.366666667,100.9230769,0,0.1875,0.5,0,0,0,10,1.702
4,5,6,1,0,0,3,4,3,5,6,3,3,5,1,0.25,0,4,4,2,2,3,2,6,2141,0,0,2,0,0,0,4,3,4,2,0,4,1,3,2,1,3,232,1,2,2,2,2,1,2,4,3,2,1,1,1,3,4,2,2,4,5,1,1,1,5,1,2,0,0,0,0,0,0,1,0,2,2,5,0,3,3,1,2,2,2,2,1,4,1,1,6,1,1,0,1,6.215,97.23076923,0,0.25,0,0,0,0,7.049,2.143
1,6,7,1,3,0,4,4,3,5,7,0,3,5,4,0.38,1,4,4,1,2,3,3,6,2039,0,0,1,0,0,0,2,1,3,0,0,2,1,3,3,1,1,128,3,2,0,0,0,1,2,4,1,1,1,1,1,3,3,1,1,6,0,0,0,0,0,0,0,0,0,0,0,0,0,0,0,5,0,0,1,3,3,1,5,0,0,5,1,4,1,1,6,1,0,0,0,6.063333333,93.53846154,0,0.3125,0,0,0,0,10,10
2,6,6,1,3,0,3,3,3,5,7,5,6,4,4,0.42,0,4,4,2,1,3,1,4,1677,2,0,1,0,0,0,4,4,3,0,0,1,1,1,2,4,1,0,3,4,1,3,1,1,2,4,1,2,1,1,1,2,3,1,2,3,4,2,2,1,2,0,0,0,0,0,0,0,0,0,1,1,1,2,0,2,3,1,5,0,0,5,1,4,1,1,6,1,7,0,0,5.911666667,89.84615385,0,0.375,0.5,0,0,0,5.449,6.039
2,4,5,4,0,0,4,2,2,4,6,4,2,5,4,0.04,0,4,4,2,1,3,3,3,1950,0,0,1,0,0,0,4,3,0,4,0,2,0,1,0,3,0,168,1,2,1,1,2,1,1,4,1,2,2,1,1,3,3,2,1,5,5,1,1,2,4,0,0,0,0,0,0,0,0,0,0,1,1,5,0,3,1,1,4,2,2,5,1,4,1,0,5,1,7,0,0,5.76,86.15384615,0,0.4375,0.5,0,0,0,7.167,2.293
2,2,5,6,0,0,4,3,2,3,4,6,2,5,4,0.13,0,4,4,2,1,3,3,6,1903,0,0,1,1,1,0,3,1,3,0,0,1,0,3,4,1,3,160,1,1,0,0,0,1,2,3,1,1,1,1,1,1,3,2,1,6,0,0,0,0,0,0,0,0,0,0,0,0,0,0,0,5,0,0,1,3,3,1,5,0,0,5,1,4,1,1,6,1,7,0,0,5.608333333,82.46153846,0,0.5,0,0,0,0,10,1.281
3,5,5,6,3,0,4,3,2,4,4,4,2,5,4,0.096,0,4,4,1,1,3,3,6,2092,0,1,1,0,0.5,0,2,1,3,0,0,0,1,2,3,3,3,192,3,2,2,1,1,1,1,5,1,1,1,1,1,1,3,1,1,6,0,0,0,0,0,0,0,0,0,0,0,0,0,0,0,5,0,0,1,3,3,1,5,0,0,5,1,4,1,1,6,1,7,0,0,5.456666667,78.76923077,0,0.5625,0,0,0,0,10,1.587
4,5,7,1,0,0,5,3,2,4,3,3,3,5,4,0.14,0,4,4,2,1,3,1,6,2236,0,0,1,0,0,0,4,3,0,3,2,2,2,2,2,2,2,186,2,2,2,1,1,1,1,3,3,2,1,1,1,2,3,2,2,4,4,1,1,2,3,0,0,0,0,0,0,0,0,0,0,1,2,1,0,2,1,1,5,0,0,5,1,4,1,0,5,1,7,0,0,5.305,75.07692308,0,0.625,0,0,0,0,7.241,2.106
4,5,6,6,3,0,5,1,1,4,5,5,2,5,4,0.22,0,4,4,1,1,3,3,6,2192,0,1,1,0,0,0,4,1,3,0,0,0,0,2,3,3,3,192,3,2,2,1,1,1,1,5,1,1,1,1,1,1,3,1,1,6,0,0,0,0,0,0,0,0,0,0,0,0,0,0,0,5,0,0,1,3,3,1,5,0,0,5,1,4,1,1,6,1,7,0,0,5.153333333,71.38461538,0,0.6875,0,0,0,0,10,1.483
5,5,7,1,0,0,5,4,3,3,3,2,3,5,2,0.54,0,4,4,1,1,3,3,3,2272,0,0,1,0.5,0,0,2,3,0,3,2,2,2,2,1,2,2,232,1,2,2,1,2,1,2,4,3,1,1,2,1,3,1,1,1,6,0,0,0,0,0,0,0,0,0,0,0,0,0,0,0,2,2,3,1,2,1,1,4,2,3,5,1,4,1,1,6,1,7,0,0,5.001666667,67.69230769,0,0.75,0.333333333,0,0,0,5.333,2.412
1,6,7,1,3,0,4,4,3,5,7,6,6,4,4,0.45,0,4,4,4,1,3,3,4,1358,0,0,0,1,0,0,1,1,3,1,0,2,0,2,2,4,1,128,3,4,2,1,1,1,1,5,1,2,1,1,1,1,3,2,1,5,1,1,1,1,5,0,0,0,0,0,0,0,0,0,0,5,0,0,1,3,3,1,5,0,0,5,1,4,1,1,6,1,7,0,1,4.85,64,0,0.8125,0,0,0,0,10,0.917
1,5,6,7,3,0,3,4,2,5,7,5,4,5,4,0.24,0,4,4,2,1,3,3,4,1955,2,0,0,0,0,0,1,3,0,2,0,2,2,1,3,2,1,224,1,2,1,1,1,1,2,4,2,2,1,1,1,2,3,2,3,4,2,2,3,2,2,0,0,0,0,0,0,0,0,0,0,1,2,1,0,1,1,1,5,0,0,5,1,4,3,0,6,1,7,0,2,5.21,63.25,0,0.875,0,0,0,0,5.407,2.022
3,3,1,7,2,3,4,4,3,5,5,6,5,1,2,0.82,0,4,4,4,1,3,1,6,2183,2,0,0,0,0,0,2,1,3,1,0,2,0,3,2,2,1,160,2,1,0,0,0,1,1,5,1,1,1,1,1,1,3,1,1,6,0,0,0,0,0,0,0,0,0,0,0,0,0,0,0,5,0,0,0,3,3,1,5,0,0,1,1,4,1,1,6,1,7,0,1,5.57,62.5,0,0.9375,0,0,0,0,10,0.3
1,5,7,2,2,1,4,4,3,5,7,5,5,1,3,0.308,0,4,4,2,1,3,1,4,2079,2,0,0,0,0,0,4,2,0,2,0,4,0,2,3,1,2,224,3,1,0,0,0,1,1,4,3,2,1,1,1,3,3,2,3,4,5,1,2,3,4,0,0,0,0,0,0,0,0,0,1,1,1,4,0,3,3,2,5,0,0,5,6,4,1,0,6,1,7,0,0,5.94,61.75,0,1,0.666666667,0,0,0,5.626,6.132
4,5,7,1,3,0,5,5,3,4,4,3,6,5,4,0.71,0,4,4,1,1,3,1,4,1523,0,0,0,0,0,0,2,4,3,1,1,1,2,0,2,4,1,64,3,4,2,1,2,1,2,2,3,2,2,1,1,1,4,4,2,2,2,2,2,2,2,0,0,0,0,0,0,0,0,0,1,2,1,3,0,2,3,1,5,0,0,5,1,4,1,1,6,1,7,0,1,6.31,61,0,0.833333333,0,0,0,0,5.298,6.075
4,5,7,1,3,2,4,2,2,5,3,4,5,2,2,0.5,0,4,4,2,2,3,2,2,2221,0,0,0,0,0,0,4,2,3,2,2,0,4,0,2,1,1,112,3,2,1,2,1,1,5,4,1,1,2,1,2,3,4,3,4,2,5,1,1,2,3,0,0,0,0,0,0,0,0,0,0,1,2,5,0,3,3,2,4,2,2,5,6,4,1,0,6,1,7,0,0,5.36,68.25,0,0.666666667,0.5,0,0,0,5.037,1.607
1,5,7,1,3,0,4,1,2,5,7,6,4,2,4,0.83,0,4,4,3,1,3,3,4,2043,0,0,0,0,0,0,4,2,0,2,1,2,2,2,3,2,3,224,1,2,2,1,2,1,3,5,1,2,1,1,1,2,4,3,3,2,4,2,2,2,3,0,0,0,0,0,0,0,0,0,0,2,2,5,1,3,3,1,5,0,0,5,1,4,1,0,6,1,7,0,1,4.41,75.5,0,0.5,0,0,0,0,5.119,0.419
3,5,7,1,3,0,4,5,3,4,3,5,5,5,4,0.42,0,4,4,3,1,3,3,4,1854,2,0,0,0,0,0,2,3,0,1,1,2,2,2,2,2,3,192,3,2,2,1,2,1,3,4,3,2,1,2,1,3,3,3,2,4,5,2,2,1,5,0,0,0,0,0,0,0,0,0,0,4,0,0,1,3,3,1,5,0,0,5,1,4,1,0,6,1,7,0,0,4.52,82.75,0,0.333333333,0,0,0,0,10,0.761
1,4,5,6,3,0,3,1,2,5,7,6,3,5,4,0.3,0,0,2,3,2,3,3,4,2283,0,0,0,0,0,0,4,1,0,1,0,1,0,2,3,3,3,128,3,2,4,2,1,1,1,5,1,2,1,1,1,1,3,2,1,5,1,1,0,1,1,0,0,5,0,0,0,0,0,0,0,5,0,0,1,3,3,1,4,2,1,4,1,4,1,1,5,1,7,0,0,4.43,90,0,0.166666667,0,0,0,0,10,10
1,4,7,1,0,0,3,5,3,1,7,5,6,4,4,0.52,0,0,0,3,1,3,3,4,1339,2,0,0,0,0,0,2,3,4,5,2,1,1,0,0,0,3,127,4,1,0,0,0,1,2,3,3,2,3,2,1,3,4,3,1,3,5,1,1,1,5,0,0,0,0,0,0,0,0,0,0,4,0,0,1,2,2,1,5,0,0,5,1,4,1,1,6,1,7,0,1,6.49,134,0,0,0,0,0,0,10,10
2,2,2,6,2,2,4,2,2,4,7,4,3,1,4,0.146,0,0,1,1,2,3,3,6,2139,2,0,0,0,0,0,3,1,0,1,0,3,0,4,0,5,2,128,3,1,0,0,0,1,1,4,1,1,1,1,1,3,3,1,1,6,0,0,0,0,0,0,0,0,0,0,0,0,0,0,0,4,0,0,1,3,3,1,4,1,2,2,1,4,3,1,5,1,7,0,1,6.7205,142.4,0,0,0,0,0,0,10,10
3,4,7,1,0,0,5,1,1,1,4,6,5,5,4,0.3,0,0,0,1,1,2,1,4,1608,2,0,0,0,0,0,4,3,0,6,1,1,0,0,0,0,1,42,4,1,0,0,0,1,1,4,3,2,1,1,1,2,4,2,2,5,5,2,0,1,1,0,0,0,0,0,0,0,0,0,1,1,1,4,0,3,1,2,4,1,3,5,1,4,3,2,4,1,1,0,0,6.951,150.8,0,0,0,0,0,0,5.064,10
3,6,7,1,3,0,5,5,3,5,3,5,6,5,4,0.01,0,4,4,2,1,3,2,4,1426,2,0,0,0,0,0,2,4,3,0,0,0,0,0,3,4,3,168,4,4,3,1,2,1,2,2,2,2,2,2,1,2,4,3,3,2,3,2,2,2,5,0,0,0,0,0,0,0,0,0,0,2,1,3,0,1,3,1,5,0,0,5,1,4,1,1,6,1,7,0,0,6.02,159.2,0,0,0,0,0,0,6.265,1.381
1,5,7,2,1,1,5,4,3,6,7,5,5,3,2,0.04,0,4,4,2,1,2,2,5,1799,2,0,0,0,0,0,4,3,0,1,1,0,4,0,2,2,1,112,4,1,0,0,0,1,5,3,1,1,2,1,1,2,4,2,3,4,5,1,2,2,1,0,0,0,0,0,0,0,0,0,1,1,2,4,0,3,3,2,5,0,0,4,1,4,1,1,6,1,7,0,1,6.47,167.6,0,0,0,0,0,0,6.083,6.772
1,5,7,2,3,0,4,2,2,3,7,4,6,5,4,0.57,1,4,4,2,2,2,3,5,1329,2,0,0,0,0,0,4,4,3,0,0,0,2,0,2,5,1,232,3,4,3,3,2,1,2,1,1,1,2,1,1,2,3,4,2,1,3,2,2,1,1,0,0,0,0,0,0,0,0,0,0,1,1,2,0,2,2,2,3,1,3,4,1,4,1,1,4,1,7,0,0,6.92,176,0,0,0.333333333,0,0,0,5.041,10
1,5,7,1,3,0,5,5,3,2,6,5,6,5,4,0.6,0,4,4,1,1,3,3,4,1418,0,0,0,0,0,0,2,4,3,1,0,1,0,1,2,4,1,232,3,4,2,2,2,1,2,3,3,2,1,1,1,2,3,4,2,1,2,2,2,1,1,0,0,0,0,0,0,0,0,0,1,1,2,2,0,2,3,1,5,0,0,5,1,4,1,1,6,1,7,0,1,6.17,33,0,0.111111111,0,0,0,0,4.717,6.167
1,5,7,4,3,1,4,4,3,5,7,4,6,2,4,0.0787,0,4,4,1,2,3,3,6,1670,2,0,0,0,0,0,4,2,0,2,0,4,0,0,3,2,2,224,2,2,1,1,1,1,1,5,1,1,1,1,1,3,3,1,1,6,0,0,0,0,0,0,0,0,0,0,0,0,0,0,0,4,0,0,1,3,3,2,5,0,0,4,6,4,1,1,6,1,7,0,0,4.9,45.5,0,0.222222222,0,0,0,0,10,2.018
1,5,7,1,3,0,4,5,3,5,7,5,6,1,4,0.58,0,4,4,4,1,3,3,4,1551,0,0,0,0,0,0,1,1,3,2,0,3,0,3,1,2,1,160,1,2,2,1,1,1,1,5,1,2,1,1,0,2,3,2,1,5,2,1,1,1,5,0,0,0,0,0,0,0,0,0,0,4,0,0,1,3,3,1,5,0,0,5,1,4,1,1,6,1,7,0,1,3.63,58,0,0.333333333,0,0,0,0,10,0.7
1,6,7,1,3,0,4,5,3,5,7,5,6,1,4,0.58,0,4,4,3,1,3,3,4,1551,0,0,0,0,0,0,2,1,3,1,0,1,0,3,0,3,2,128,4,3,1,1,1,1,1,5,1,1,1,1,1,2,3,2,1,5,1,1,1,1,5,0,0,0,0,0,0,0,0,0,0,5,0,0,1,3,3,1,5,0,0,5,1,4,1,1,6,1,7,0,1,3.53,51,0,0.444444444,0,0,0,0,10,0.628
1,1,6,4,3,1,5,4,3,5,7,5,2,1,2,0.1,0,4,4,3,1,3,1,6,1945,2,0,0,0,0,0,4,3,0,0,0,5,0,2,1,1,1,232,3,1,0,0,0,1,2,4,1,2,4,1,1,2,3,1,2,5,5,1,1,1,4,0,0,0,0,0,0,0,0,0,0,2,2,4,0,3,3,1,4,2,1,5,1,4,1,1,6,1,1,0,1,3.89,88.75,0,0.555555556,0,0,0,0,7.478,1.06
1,4,5,6,3,0,3,1,1,4,7,5,1,5,4,0.03,0,4,4,3,3,3,1,6,2181,0,1,0,0,0,0,4,1,0,0,0,2,0,2,4,2,2,160,1,2,1,1,1,1,1,4,1,1,1,1,1,3,3,1,1,6,0,0,0,0,0,0,0,0,0,0,0,0,0,0,0,5,0,0,1,3,3,1,5,0,0,5,1,4,1,0,5,1,7,0,0,4.25,126.5,0,0.666666667,0.333333333,0,0,0,10,1.919
1,5,7,1,3,1,5,4,3,5,7,4,2,2,2,0.061,0,4,4,3,0,3,3,6,2038,2,1,0,0,0,0,3,1,0,3,0,2,0,2,3,0,3,224,2,1,0,0,0,1,1,4,2,2,1,1,1,2,4,1,2,6,0,0,0,0,0,0,0,0,0,0,0,0,0,0,0,5,0,0,1,3,3,1,5,0,0,4,1,4,1,1,6,1,7,0,1,4.61,164.25,0,0.777777778,0,0,0,0,10,1.06
1,5,6,2,3,1,4,3,3,3,7,4,6,2,2,0.469,0,4,4,3,1,2,2,5,2083,2,0,0,0,0,0,4,3,0,0,0,0,5,0,1,0,0,64,3,1,0,0,0,1,5,1,1,2,4,1,1,3,3,3,4,2,5,1,1,1,3,0,0,0,0,0,0,0,0,0,0,1,1,4,0,3,3,2,5,0,0,5,1,4,1,1,6,1,7,0,0,4.97,202,0,0.888888889,0.333333333,0,0,0,6.478,1.137
1,5,7,1,3,1,4,5,3,5,7,5,6,1,2,0.907,0,4,4,2,1,3,2,5,1669,1,0,0,0,0,0,2,2,3,3,0,1,0,0,4,0,3,232,1,1,0,0,0,1,1,4,1,1,2,1,1,3,3,1,2,5,5,1,1,2,1,0,0,0,0,0,0,0,0,0,1,1,2,4,0,3,3,2,5,0,0,5,1,4,1,1,6,1,7,0,1,5.33,239.75,0,1,0,0,0,0,5.988,5.633
1,5,6,4,1,0,4,5,3,6,7,3,6,1,2,0.03,0,4,4,1,1,3,2,6,2026,2,0,0,0,0,0,2,1,0,1,0,2,1,2,4,1,1,232,3,1,0,0,0,1,1,4,3,2,1,1,1,3,3,1,2,5,5,1,1,1,5,1,1,0,0,0,0,0,0,2,0,5,0,0,1,3,3,1,5,0,0,5,1,4,1,1,6,1,7,0,1,5.69,277.5,0,1,0,0,0,0,10,1.642
1,5,7,4,2,2,4,5,3,5,6,6,6,1,2,0.47,0,4,4,1,1,3,2,6,2008,2,0,0,0,0,0,4,2,0,0,0,3,0,1,4,1,2,232,3,1,0,0,0,1,1,5,3,1,1,1,1,3,3,1,3,3,5,1,1,1,5,1,1,0,0,0,0,0,0,2,0,2,2,4,0,3,3,1,5,0,0,5,1,4,1,1,6,1,7,0,1,6.05,315.25,0,1,0,0,0,0,7.477,1.275
1,4,7,1,0,0,3,2,2,4,7,6,5,4,4,0.26,0,4,4,1,1,2,3,4,2003,1,0,0,0,0,0,1,3,0,1,1,0,5,0,1,0,1,76,4,1,0,0,0,1,5,1,3,2,2,3,1,2,1,4,2,2,5,2,2,1,5,0,0,0,0,0,0,0,0,0,1,1,2,4,0,1,3,1,5,0,0,5,1,4,1,2,6,1,7,0,2,6.41,353,0,1,0,0,0,0,4.269,6.867
1,5,6,2,0,0,3,3,2,2,7,6,1,5,4,0.01,0,4,4,2,2,3,3,4,2194,2,0,0,0,0,0,4,3,0,1,1,1,4,1,1,1,1,64,3,1,0,0,0,1,5,4,2,2,3,2,2,3,3,4,3,2,5,2,2,2,4,0,0,0,0,0,0,0,0,0,1,1,2,5,0,2,3,1,5,0,0,5,1,4,1,0,6,1,7,0,0,5.02,230,0,1,0,0,0.023148148,0,5.029,6.797
1,5,7,4,2,1,4,4,3,4,7,6,6,1,2,0.0202,0,4,4,3,1,3,2,4,1883,2,0,0,0,0,0,4,3,0,2,2,0,3,0,2,0,2,240,2,1,0,0,0,1,4,2,1,2,3,2,1,3,2,4,2,3,5,3,2,2,1,0,0,0,0,0,0,0,0,0,0,1,2,4,0,3,3,2,5,0,0,5,1,4,1,1,6,1,7,0,1,5.255,230,0,1,0,0,0.046296296,0,4.303,1.094
1,5,7,4,0,0,4,4,3,4,7,4,5,5,4,0.86,0,4,4,3,1,3,2,4,1911,0,0,0,0,0,0,4,3,0,4,2,2,2,1,1,1,3,254,3,1,0,0,0,1,3,3,3,2,2,2,1,3,2,3,1,4,1,1,1,1,5,0,0,0,0,0,0,0,0,0,0,5,0,0,1,3,3,1,5,0,0,5,1,4,1,1,6,1,7,0,1,5.49,230,0,1,0,0,0.069444445,0,10,0.394
1,4,6,4,0,0,3,1,2,1,7,0,6,5,4,0.1,0,4,4,3,1,2,3,4,2217,0,0,0,0,0,0,2,3,0,3,2,2,3,1,1,1,3,124,3,1,0,0,0,1,3,4,3,2,2,2,1,3,3,4,2,2,5,1,1,1,5,0,0,0,0,0,0,0,0,0,0,5,0,0,1,3,3,1,4,1,2,5,1,4,1,0,6,1,7,0,0,6.43,780,0,1,0.333333333,0,0.092592593,0,10,1.655
1,4,6,6,0,3,4,5,3,5,1,6,6,1,2,0.29,0,4,4,2,1,2,3,6,1735,2,0,0,0,0,0,2,2,4,0,0,0,2,0,4,3,1,64,3,1,0,0,0,1,1,4,2,2,1,1,1,2,2,2,2,6,0,0,0,0,0,0,0,0,0,0,0,0,0,0,0,2,2,1,1,3,3,1,5,0,0,5,1,4,3,1,6,1,7,0,1,5.53,471.5,0,1,0,0,0.115740741,0,7.444,1.564
1,5,6,6,2,2,4,5,3,5,4,5,5,3,4,0.111,0,4,4,1,1,3,2,4,1864,2,0,0,0,0,0,2,2,3,1,0,0,0,0,2,5,2,64,3,4,2,1,1,1,2,4,3,2,1,1,1,1,4,3,2,3,1,2,1,0,5,0,0,0,0,0,0,0,0,0,0,4,0,0,1,3,3,1,4,1,2,5,2,4,3,1,3,1,7,0,0,4.63,163,0,1,0.5,0,0.138888889,0,10,1.766
1,1,3,7,2,1,4,5,3,5,7,4,5,1,4,0.378,1,4,4,4,1,3,3,6,2175,0,0,0,0.058823529,0,0,3,1,3,1,0,2,0,3,0,2,3,160,3,2,1,1,1,1,1,5,1,2,1,2,1,1,3,1,1,6,0,0,0,0,0,0,0,0,0,0,0,0,0,0,0,5,0,0,1,3,3,1,5,0,0,5,1,4,1,1,6,1,7,0,1,4.47,186.5,0,1,0,0,0.162037037,0,10,10
1,5,7,1,3,0,4,4,3,6,7,5,5,5,4,0.76,0,4,4,3,1,3,3,4,1973,0,0,0,0.117647059,0,0,2,1,3,0,0,1,0,2,4,2,3,128,4,2,2,1,1,1,1,5,1,1,1,1,1,1,3,3,1,4,4,1,1,1,5,0,1,0,0,0,0,0,0,0,0,5,0,0,1,3,3,1,5,0,0,5,1,4,1,1,6,1,7,0,1,3.7,210,0,1,0,0,0.185185185,0,10,0.478
1,5,7,1,3,0,4,5,3,6,7,5,3,4,4,0.36,0,4,4,3,1,3,3,4,2166,0,0,0,0.176470588,0,0,4,1,3,1,0,2,2,3,3,3,3,168,1,2,3,1,2,1,2,5,1,2,1,1,1,1,3,1,1,6,0,0,0,0,0,0,0,0,0,0,0,0,0,0,0,4,0,0,1,3,3,1,5,0,0,5,1,4,1,1,6,1,7,0,1,4.03,208.3333333,0,1,0,0,0.208333334,0,10,0.811
1,6,7,1,3,0,4,4,3,5,7,6,3,2,4,0.47,0,4,4,4,1,3,3,4,2079,0,0,0,0.235294118,0,0,4,1,3,1,0,1,0,2,2,3,3,192,4,3,2,1,2,1,1,5,1,1,1,1,1,1,3,2,1,5,1,1,1,1,5,0,0,0,0,0,0,0,0,0,0,5,0,0,1,3,3,1,5,0,0,5,1,4,1,1,6,1,7,0,1,4.238571429,206.6666667,0,1,0,0,0.231481482,0,10,0.883
1,4,6,4,3,1,3,4,3,4,7,4,3,2,1,0.634,0,4,4,1,2,3,3,6,2032,0,0,0,0.294117647,0,0,4,3,0,3,0,4,0,0,2,0,1,224,3,1,0,0,0,1,1,5,3,2,1,1,1,3,3,1,1,6,0,0,0,0,0,0,0,0,0,0,0,0,0,0,0,5,0,0,1,3,3,2,5,0,0,5,6,4,1,1,6,1,7,0,0,4.447142857,205,0,1,0,0,0.25462963,0,10,1.555
1,5,7,2,2,1,4,2,3,5,7,4,5,2,1,0.2115,0,4,4,1,3,3,2,1,1888,2,0,0,0.352941176,0,0,4,2,0,1,0,3,0,2,4,1,1,192,1,1,0,0,0,1,1,5,1,1,1,1,1,3,3,1,1,6,0,0,0,0,0,0,0,0,0,0,0,0,0,0,0,4,0,0,1,3,3,2,5,0,0,5,6,4,1,0,6,1,4,0,1,4.655714286,203.3333333,0,1,0,0,0.277777778,0,10,2.324
1,5,6,1,3,1,4,4,3,5,7,4,5,1,2,0.127,0,4,4,3,1,3,3,6,2232,0,0,0,0.411764706,0,0,4,2,0,1,0,4,0,0,3,0,2,224,1,1,0,0,0,1,2,4,1,1,1,1,2,3,3,1,3,4,5,1,2,2,5,0,0,0,0,0,0,0,0,0,0,2,2,5,0,3,3,2,5,0,0,5,6,4,1,1,1,1,7,0,1,4.864285714,201.6666667,0,1,0,0,0.300925926,0,6.177,1.005
1,5,6,1,3,1,4,4,3,5,6,4,5,1,2,0.106,0,4,4,3,1,3,3,6,2232,0,0,0,0.470588235,0,0,4,2,3,0,0,3,2,0,3,1,2,224,1,1,0,0,0,1,3,3,1,1,1,1,3,3,3,1,4,2,4,2,2,2,4,0,0,0,0,0,0,0,0,0,0,2,2,5,0,3,3,2,5,0,0,5,6,4,1,1,1,1,7,0,1,5.072857143,200,0,1,0,0,0.324074074,0,6.177,1.023
1,2,6,2,0,3,4,4,3,5,1,5,6,2,2,0.49,0,4,4,2,1,3,3,6,2217,2,0,0,0.529411765,0,0,3,1,3,2,0,2,0,3,4,0,2,232,3,1,0,0,0,1,1,4,2,2,1,1,1,1,3,1,1,6,0,0,0,0,0,0,0,0,0,0,0,0,0,0,0,4,0,0,1,3,3,1,5,0,0,4,1,4,1,1,6,1,7,0,0,5.281428571,198.3333333,0,1,0,0,0.347222223,0,10,0.981
1,1,3,7,1,1,4,1,1,3,4,6,4,1,4,0.36,0,4,4,2,2,3,2,6,2228,2,0,0,0.588235294,0,0,3,2,0,5,1,0,0,0,0,2,2,184,3,1,0,0,0,1,1,5,1,1,1,1,1,1,3,1,1,6,0,0,0,0,0,0,0,0,0,0,0,0,0,0,0,2,2,5,0,3,3,1,4,1,2,5,1,4,1,1,6,1,7,0,0,5.49,196.6666667,0,1,0,0,0.370370371,0,9.074,1.707
1,5,6,4,1,0,4,5,3,5,7,4,6,2,2,0.3,0,4,4,1,1,3,2,4,2026,2,0,0,0.647058824,0,0,2,3,0,2,2,1,3,0,3,1,2,125,4,2,2,1,2,1,4,3,3,2,4,1,1,1,2,2,2,5,5,1,1,1,4,0,0,0,0,0,0,0,0,0,0,2,2,4,0,3,3,1,5,0,0,5,1,4,1,1,6,1,7,0,1,5.745,195,0,1,0,0,0.393518519,0,5.891,1.417
1,5,6,4,1,3,4,2,2,5,7,5,6,3,1,0.01,0,4,4,1,2,3,2,4,1987,2,0,0,0.705882353,0,0,3,3,0,0,3,0,3,0,1,2,3,80,3,4,2,1,1,1,4,1,1,2,3,1,1,3,1,4,2,5,5,3,2,2,2,0,0,0,0,0,0,0,0,0,0,1,2,4,0,3,3,2,5,0,0,4,1,4,1,1,6,1,7,0,1,6,193.3333333,0,1,0,0,0.416666667,0,4.742,2.075
1,5,7,1,2,1,4,5,3,4,7,6,6,1,2,0.16,0,4,4,2,1,3,2,6,1968,0,0,0,0.764705882,0,0,2,3,0,4,0,2,0,0,3,1,1,224,1,1,0,0,0,1,1,4,1,1,2,1,2,3,3,2,3,4,5,1,2,2,1,0,0,0,0,0,0,0,0,0,0,2,2,5,1,3,3,2,5,0,0,5,1,4,1,1,6,1,7,0,1,6.255,191.6666667,0,1,0.333333333,0,0.401234568,0,6.741,1.256
1,5,7,1,0,0,4,5,3,5,7,4,6,5,4,0.56,0,4,4,2,1,3,2,4,1479,2,0,0,0.823529412,0,0,2,3,0,5,2,2,2,1,1,0,2,62,4,1,0,0,0,1,2,4,3,2,2,2,1,3,3,2,2,5,5,1,1,1,4,0,0,0,0,0,0,0,0,0,0,2,2,5,1,3,2,1,5,0,0,5,1,4,1,0,6,1,7,0,1,6.51,190,0,0,0,0,0.385802469,0,5.838,1.478
1,5,7,1,0,0,3,4,3,6,7,6,3,4,4,0.6,0,4,4,3,1,3,3,4,2195,0,0,0,0.882352941,0,0,4,3,1,4,1,2,2,1,2,0,2,168,4,1,0,0,0,1,1,4,3,2,1,1,1,1,3,2,1,5,5,1,1,1,5,0,0,0,0,0,0,0,0,0,0,5,0,0,0,3,3,1,5,0,0,5,1,4,1,0,6,1,0,0,0,5.49,153.3333333,0,0,0,0,0.370370371,0,10,0.611
1,5,7,1,0,0,3,4,3,6,7,6,3,4,4,0.6,0,4,4,3,1,3,3,4,2195,0,0,0,0.941176471,0,0,4,1,3,1,0,2,0,2,2,2,2,160,3,2,2,1,1,1,1,5,1,1,1,1,1,1,3,0,1,6,0,0,0,0,0,0,0,0,0,0,0,0,0,0,0,5,0,0,1,3,3,1,5,0,0,5,1,4,1,1,6,1,7,0,0,4.47,116.6666667,0,0,0,0,0.354938272,0,10,0.611
1,5,7,1,0,0,3,5,3,5,7,6,4,5,4,0.39,0,4,4,3,1,2,3,4,2009,0,0,0,1,0,0,1,1,0,0,0,3,0,1,4,0,3,128,1,1,0,0,0,1,1,3,3,2,3,1,1,1,3,2,2,5,5,1,1,1,5,0,0,0,0,0,0,0,0,0,0,4,0,0,1,3,3,1,5,0,0,5,1,4,1,1,6,1,7,0,0,3.45,80,0,0,0,0,0.339506173,0,10,1.203
1,6,7,1,0,0,4,1,1,5,7,5,2,2,4,0.31,0,4,4,3,1,2,3,4,2241,0,0,0,1,0,0,4,1,3,1,0,2,0,3,4,1,3,224,3,1,0,0,0,1,1,4,1,1,1,1,1,1,3,2,1,6,0,0,0,0,0,0,0,0,0,0,0,0,0,0,0,5,0,0,1,3,3,1,5,0,0,4,1,4,1,1,4,1,7,0,0,4.885,85,0,0,0,0,0.324074074,0,10,1.269
1,4,7,1,0,0,4,2,1,4,7,6,3,5,4,0.26,0,4,4,1,1,3,3,2,2292,2,0,0,1,0,0,1,3,0,1,1,0,5,0,1,0,1,64,4,1,0,0,0,1,5,1,3,2,3,1,1,2,2,4,2,1,4,2,2,1,1,0,0,0,0,0,0,0,0,0,1,1,2,4,0,2,3,1,5,0,0,4,1,4,1,1,6,1,7,0,0,6.32,90,0,0,0,0,0.308641976,0,3.993,6.45
1,5,7,1,0,3,4,5,3,5,7,4,6,5,4,0.77,0,4,4,3,1,3,3,4,1493,2,0,0,0.75,0,0,2,1,3,2,0,2,0,2,3,2,3,160,1,2,1,1,1,1,2,5,3,1,2,1,1,2,3,2,2,4,4,2,2,2,5,0,0,0,0,0,0,0,0,0,0,4,0,0,1,3,3,1,5,0,0,5,1,4,1,1,6,1,7,0,1,3.69,96,0,0,0,0,0.293209877,0,10,0.469
1,5,7,1,0,0,5,5,3,3,7,6,6,5,4,0.73,0,4,4,1,1,3,2,4,1418,0,0,0,0.5,0,0,2,3,0,2,1,1,4,1,2,0,1,232,4,1,0,0,0,1,4,2,1,2,2,2,1,2,4,4,2,1,5,2,2,2,1,0,0,0,0,0,0,0,0,0,0,1,2,5,1,2,3,2,5,0,0,5,1,4,1,0,6,1,7,0,0,5.82,20,1,0,0,0,0.277777778,0,4.471,1.058
1,5,7,1,3,0,4,1,1,5,7,6,6,5,4,0.42,0,4,4,1,1,3,3,4,1340,0,0,0,0.25,0,0,2,3,0,2,0,0,3,0,3,2,1,72,3,2,3,1,2,1,4,1,3,2,3,2,1,3,3,4,2,2,2,2,2,1,1,0,0,0,0,0,0,0,0,0,1,1,2,4,0,1,3,1,5,0,0,4,1,4,1,0,6,1,7,0,2,7.13,85,0,0,0,0,0.262345679,0,5.019,6.317
2,5,7,1,0,0,5,1,2,1,4,3,5,5,4,0.54,0,4,4,3,1,2,1,4,1887,0,0,0,0,0,0,4,3,0,5,2,1,1,1,1,0,2,42,4,1,0,0,0,1,1,1,3,2,4,2,1,2,3,4,2,3,5,2,2,1,4,0,0,0,0,0,0,0,0,0,1,2,2,4,0,3,3,1,5,0,0,5,1,4,1,1,5,1,1,0,0,6.67,186,0,0,0,0,0.24691358,0,5.422,6.078
2,5,7,1,3,0,4,1,2,4,7,6,6,4,0,0.16,0,4,4,1,1,2,3,3,1632,2,0,0,0,0,0,2,3,0,1,1,0,5,0,1,2,1,72,3,2,3,1,2,1,5,2,1,2,2,3,1,3,3,4,2,2,2,2,3,3,1,0,0,0,0,0,0,0,0,0,1,1,2,4,0,1,2,2,5,0,0,4,1,4,2,2,6,1,7,0,2,6.42,105,0,0,0,0,0.231481482,0,4.962,7.506
2,5,7,1,3,0,4,1,1,2,6,6,6,5,4,0.41,0,4,4,1,2,2,3,4,1348,1,0,0,0,0,0,4,3,4,0,0,0,4,0,2,2,1,64,4,2,4,1,2,1,2,2,1,1,2,1,1,1,4,3,2,1,3,3,3,3,1,0,0,0,0,0,0,0,0,0,1,1,2,4,0,2,2,1,4,1,3,5,1,4,2,2,2,1,7,0,0,7.89,194,0,0,0,0,0.216049383,0,4.833,7.981
2,5,7,1,3,0,5,5,3,3,7,5,6,5,4,0.55,0,4,4,1,1,3,3,3,1407,0,0,0,0,0,0,2,4,3,1,0,1,1,1,2,4,2,232,4,4,2,1,1,1,2,2,2,2,3,1,2,2,4,4,3,1,2,2,2,2,4,0,0,0,0,0,0,0,0,0,1,2,1,3,0,1,3,1,5,0,0,5,1,4,1,1,6,1,7,0,1,6.35,63,1,0.333333333,0,0,0.200617284,0,4.894,6.208
2,5,5,6,3,2,4,1,1,1,2,5,1,2,2,0.025,0,4,4,3,2,3,2,1,2017,2,1,0,0,0,0,4,3,0,5,0,2,0,0,1,0,2,232,3,1,0,0,0,1,1,4,3,2,1,1,1,3,4,1,2,5,5,1,1,2,1,0,0,0,0,0,0,0,0,0,0,1,2,4,0,3,3,2,5,0,0,5,1,4,1,1,6,1,7,0,1,6.085714286,61.85714286,0.9,0.666666667,0.333333333,0,0.185185185,0,5.434,1.507
2,5,7,1,3,0,5,2,2,4,4,4,3,5,4,0.2,0,4,4,2,1,3,1,3,1971,2,0,0,0.166666667,0,0,3,2,3,0,0,0,1,0,2,0,1,0,4,4,3,2,1,1,1,3,1,1,1,1,1,2,3,2,1,4,3,1,2,1,1,0,0,0,0,0,0,0,0,0,0,1,1,2,0,3,3,1,5,0,0,5,1,4,3,1,6,1,7,0,0,5.821428571,60.71428571,0.8,1,0.333333333,0,0.169753087,0,5.729,1.222
2,4,5,2,2,2,3,2,2,2,4,6,2,1,4,0.005,1,4,4,2,2,3,3,6,2039,0,0,0,0.333333333,0,0,4,1,0,1,0,2,0,2,3,2,3,224,2,3,1,1,1,1,1,5,1,1,1,1,1,3,3,1,1,6,0,0,0,0,0,0,0,0,0,0,0,0,0,0,0,5,0,0,1,3,3,1,5,0,0,5,1,4,1,1,6,1,7,0,1,5.557142857,59.57142857,0.7,1,0,0,0.154320988,0,10,10
2,5,7,1,0,0,5,5,3,3,5,6,6,5,4,0.75,0,4,4,2,1,3,1,4,1363,0,0,0,0.5,0,0,2,3,0,5,0,5,0,1,1,1,3,168,3,1,0,0,0,1,1,4,1,2,1,2,1,2,4,2,1,5,5,1,1,1,5,0,0,0,0,0,0,0,0,0,0,5,0,0,1,3,3,1,5,0,0,5,1,4,1,1,1,1,7,0,1,5.292857143,58.42857143,0.6,0.857142857,0,0,0.138888889,0,10,0.764
2,6,7,2,3,1,4,1,3,5,5,5,6,1,3,0.28,0,4,4,3,1,3,3,6,1824,2,0,0,0.666666667,0,0,2,1,0,1,0,3,0,0,4,2,2,224,1,2,1,1,1,1,1,5,1,1,1,1,1,3,3,1,2,6,0,0,0,0,0,0,0,0,0,0,0,0,0,0,0,4,0,0,1,3,3,1,5,0,0,5,6,4,1,3,6,1,7,0,0,5.028571429,57.28571429,0.5,0.714285714,0,0,0.12345679,0,10,0.878
2,5,7,4,2,1,3,4,3,5,6,3,5,2,2,0.006,0,4,4,1,1,3,0,6,2146,2,0,0,0.833333333,0,0,4,1,0,0,0,0,0,1,5,2,1,192,4,4,4,1,1,1,1,5,1,1,1,1,1,3,3,1,2,5,1,1,1,1,5,0,0,0,0,0,0,0,0,0,0,5,0,0,1,3,3,1,5,0,0,5,1,4,1,1,6,1,7,0,1,4.764285714,56.14285714,0.4,0.571428571,0,0,0.108024691,0,10,1.662
2,5,5,1,3,0,4,5,3,1,5,5,6,1,4,0.49,0,4,4,2,1,3,2,4,1421,0,0,0,1,0,0,1,1,3,2,0,2,0,3,3,2,2,160,1,2,1,1,1,1,1,5,1,1,1,1,1,1,3,2,1,5,1,1,1,1,5,0,0,0,0,0,0,0,0,0,0,1,3,5,1,3,3,1,4,2,2,5,1,4,1,1,6,1,7,0,1,4.5,55,0.3,0.428571429,0,0,0.092592593,0,5.207,1.257
2,5,7,1,0,0,5,5,3,2,3,5,6,4,4,0.75,0,4,4,2,1,3,3,4,1337,0,0,0,1,0,0,2,3,0,1,0,1,5,1,1,1,1,72,4,1,0,0,0,1,5,2,3,2,3,2,1,2,4,3,1,4,1,2,1,1,5,0,0,0,0,0,0,0,0,0,0,3,2,5,1,3,3,1,5,0,0,5,1,4,1,1,6,1,7,0,1,4.826666667,101,0.2,0.285714286,0,0,0.077160494,0,5.415,0.764
3,5,7,1,3,0,5,5,3,5,3,6,5,5,4,0.82,0,4,4,3,1,3,3,4,1408,2,0,0,1,0,0,2,2,3,1,0,1,0,2,2,3,3,192,4,3,2,1,1,1,1,5,1,1,1,1,1,1,3,2,1,5,1,1,1,1,5,0,0,0,0,0,0,0,0,0,0,4,0,0,1,3,3,1,5,0,0,5,1,4,1,1,3,1,4,0,1,5.153333333,88.75,0.1,0.142857143,0,0,0.061728395,0,10,0.428
3,5,7,1,3,0,4,5,3,2,4,5,6,5,4,0.23,0,4,4,2,1,3,1,4,1624,0,0,0,1,0,0,2,2,4,2,1,0,1,0,3,4,1,72,3,1,0,0,0,1,2,3,3,2,2,2,1,3,4,3,3,2,5,2,2,2,5,0,0,0,0,0,0,0,0,0,0,4,2,3,1,2,3,1,4,1,2,5,2,4,3,2,3,1,7,0,0,5.48,76.5,0,0,0,0,0.046296296,0,10,1.575
3,4,6,4,3,0,4,1,2,3,6,6,2,5,4,0.16,0,4,4,3,1,3,3,4,2075,0,0,0,1,0,0,1,2,3,1,0,3,0,3,2,2,2,160,1,2,3,1,2,1,2,4,3,1,1,1,1,2,3,2,1,5,5,1,1,1,5,0,0,0,0,0,0,0,0,0,0,4,0,0,1,3,2,1,5,0,0,4,1,4,1,1,0,1,7,1,0,7.12,64.25,0,0,0,0,0.030864198,0,10,1.533
3,5,6,2,3,0,3,4,3,5,4,3,6,4,4,0.47,0,4,4,3,1,3,3,4,1692,0,0,0,0.666666667,0,0,4,1,3,1,0,1,0,2,1,4,2,128,1,3,3,1,1,1,2,5,3,2,1,1,1,1,3,1,1,6,0,0,0,0,0,0,0,0,0,0,0,0,0,0,0,4,0,0,1,3,3,1,5,0,0,5,1,4,2,1,6,1,7,0,0,4.65,52,0.111111111,0.333333333,0,0,0.015432099,0,10,0.719
3,4,1,4,3,2,5,1,2,4,4,6,1,2,2,0.001,0,4,4,2,2,2,2,6,1945,2,0,0,0.333333333,0,0.25,4,3,0,0,0,0,5,0,2,1,3,80,3,2,3,2,2,1,5,4,1,0,4,1,1,3,3,2,4,3,5,1,1,1,4,1,1,0,0,0,0,0,0,1,0,1,2,4,0,3,3,1,3,2,2,5,1,4,1,1,6,1,7,0,0,4.96875,51.8,0.222222222,0.666666667,0,0,0,0,7.012,2.499
3,4,5,4,0,0,5,1,1,4,4,4,1,5,4,0.08,0,4,4,1,1,3,2,4,2254,2,0,0,0,0,0.5,4,3,0,3,0,3,0,2,0,2,2,224,3,2,1,1,2,1,2,2,1,2,4,3,1,3,3,2,2,4,5,1,2,1,3,0,0,0,0,0,0,0,0,0,0,1,2,5,0,2,1,2,5,0,0,4,1,4,1,0,6,1,7,0,0,5.2875,51.6,0.333333333,1,0.5,0.033333333,0,0,6.565,2.433
3,4,6,2,0,0,3,4,3,1,5,3,3,5,2,0.01,0,4,2,2,1,2,1,4,2241,0,0,0,0,0,0.75,2,3,0,0,0,0,2,0,4,3,2,64,1,2,2,2,1,2,2,1,1,1,2,1,1,1,2,1,2,5,4,2,2,1,1,0,0,0,0,0,0,0,0,0,0,1,1,1,0,0,3,2,3,1,4,4,1,4,3,0,6,1,7,0,0,5.60625,51.4,0.444444444,1,0.5,0.066666667,0,0,5.44,5
3,5,7,1,0,0,5,1,2,5,3,3,4,5,4,0.37,0,4,4,2,1,3,2,4,1971,0,0,0,0,0,1,4,3,1,2,0,2,0,2,0,3,2,168,1,3,1,1,1,1,1,2,3,2,1,1,1,2,3,2,2,4,5,1,1,1,5,0,0,0,0,0,0,0,0,0,0,5,0,0,1,3,1,1,5,0,0,5,1,4,1,1,5,1,7,0,0,5.925,51.2,0.555555556,1,0,0.1,0,0,10,1.914
3,5,6,1,2,1,4,2,2,2,4,5,3,2,2,0.212,0,4,4,3,1,3,3,6,2039,2,0,0,0,0,0.75,4,2,1,1,0,3,0,2,4,1,3,224,1,1,0,0,0,1,1,5,1,1,1,1,1,3,3,1,1,6,0,0,0,0,0,0,0,0,0,0,0,0,0,0,0,4,0,0,1,3,3,2,5,0,0,5,1,4,1,1,6,1,7,0,1,6.24375,51,0.666666667,1,0.333333333,0.133333333,0,0,10,0.934
3,5,6,2,0,0,5,5,3,4,6,4,2,4,4,0.12,0,4,4,1,1,3,2,6,2092,0,1,0,0,0,0.5,2,1,3,0,0,2,0,2,3,2,2,128,3,1,0,0,0,1,2,3,1,1,1,1,1,1,3,1,1,6,0,0,0,0,0,0,0,0,0,0,0,0,0,0,0,4,0,0,0,3,1,1,4,2,2,5,1,4,1,1,6,1,7,0,0,6.5625,50.8,0.777777778,1,0.5,0.166666667,0,0,10,2.474
3,5,7,4,2,1,4,4,3,4,4,5,5,2,2,0.28,0,4,4,2,1,2,3,4,1974,1,0,0,0.083333333,0,0.25,1,3,0,3,0,0,4,0,0,0,2,104,4,1,0,0,0,1,3,2,2,2,4,1,1,3,4,3,3,4,4,3,2,2,1,0,0,0,0,0,0,0,0,0,1,1,2,4,0,2,3,2,5,0,0,3,6,4,1,0,6,1,7,0,0,6.88125,50.6,0.888888889,1,0.5,0.2,0,0,4.492,6.572
3,4,5,7,0,3,2,1,3,5,6,6,6,5,1,0.67,0,4,4,3,1,2,3,2,1706,2,0,0,0.166666667,0,0,4,3,4,0,1,0,3,0,2,3,1,64,1,3,3,3,2,1,1,1,1,1,1,1,1,1,2,5,2,1,5,2,2,1,5,0,0,0,0,0,0,0,0,0,1,2,1,3,1,3,3,1,3,2,2,5,1,4,1,1,5,1,7,0,0,7.2,50.4,1,1,0,0.233333333,0,0,4.645,6.426
3,5,6,4,2,1,4,4,3,4,7,5,5,2,4,0.156,0,4,4,2,1,3,2,2,1947,2,0,0,0.25,0,0,2,3,3,5,0,2,0,0,0,0,1,232,4,1,0,0,0,1,1,4,2,2,2,1,1,3,4,2,2,5,5,1,1,1,5,0,0,0,0,0,0,0,0,0,0,4,0,0,0,3,3,2,5,0,0,5,6,4,1,1,6,1,1,0,0,6.885,50.2,1,1,0.333333333,0.266666666,0,0,10,1.259
3,5,7,1,0,0,5,5,3,4,1,6,6,3,4,0.45,0,4,4,2,1,3,2,4,1428,0,0,0,0.333333333,0,0,2,3,0,4,0,2,3,1,1,0,1,232,3,1,0,0,0,1,3,3,2,2,2,2,1,3,4,4,2,2,5,2,2,2,2,0,0,0,0,0,0,0,0,0,1,2,1,5,0,1,3,2,5,0,0,5,1,4,1,0,6,1,7,0,1,6.57,50,1,1,0,0.3,0,0,5.352,6.014
3,5,6,2,2,1,4,3,2,5,6,6,6,2,2,0.17204,0,4,4,2,2,3,2,6,1801,0,0,0,0.416666667,0,0,2,2,0,2,0,2,0,1,3,2,2,224,4,2,4,1,1,1,1,5,1,1,1,1,1,3,3,1,1,6,0,0,0,0,0,0,0,0,0,0,0,0,0,0,0,5,0,0,1,3,3,1,5,0,0,5,1,4,1,1,6,1,7,0,1,6.342,54.375,0.857142857,1,0,0.333333333,0,0,10,1.662
3,5,7,4,2,1,4,2,3,5,5,5,5,2,4,0.44,0,4,4,1,2,3,3,6,1943,0,0,0,0.5,0,0,2,2,0,0,0,2,0,1,4,3,2,192,4,3,2,1,1,1,1,5,1,1,1,1,1,3,3,1,1,6,0,0,0,0,0,0,0,0,0,0,0,0,0,0,0,4,0,0,1,3,3,2,4,2,2,5,6,4,2,1,6,1,7,0,0,6.114,58.75,0.714285714,1,0,0.266666666,0.066666667,0,10,1.888
3,4,6,4,3,2,3,3,2,4,6,4,3,5,4,0.412,0,4,4,1,3,2,1,4,2062,0,0,0,0.583333333,0,0,4,3,0,0,0,0,5,0,0,3,0,64,3,4,1,2,1,1,5,1,1,0,4,2,3,3,2,3,3,4,4,2,3,2,1,0,0,0,0,0,0,0,0,0,0,1,1,4,0,1,3,2,4,1,4,2,6,4,3,0,6,1,7,0,2,5.886,63.125,0.571428571,1,0.5,0.2,0.133333333,0,5.877,3.099
3,4,7,2,3,1,4,1,3,4,1,4,4,5,1,0.279,0,4,4,1,2,2,2,4,1947,2,0,0,0.666666667,0,0,4,3,0,0,2,0,5,0,0,0,0,80,3,1,0,0,0,1,5,1,1,2,4,2,1,3,2,3,3,3,5,3,2,2,1,0,0,0,0,0,0,0,0,0,1,1,1,5,0,3,3,2,4,2,3,3,6,4,1,0,6,1,7,0,0,5.658,67.5,0.428571429,1,0,0.133333333,0.2,0,4.606,7.598
3,4,0,7,2,3,4,4,3,5,4,6,4,1,4,0.25,0,4,4,2,1,3,3,6,2038,2,0,0,0.75,0,0,3,3,0,0,0,0,1,0,5,2,1,64,3,2,1,1,1,1,5,4,1,1,1,1,1,2,2,2,1,5,5,1,1,1,5,1,1,0,0,0,0,0,0,0,0,3,2,2,0,3,3,1,5,0,0,5,1,4,1,1,6,1,7,0,1,5.43,71.875,0.285714286,1,0,0.066666667,0.266666666,0,6.699,1.181
3,4,7,2,3,1,5,4,3,5,4,3,3,5,2,0.6162,0,4,4,2,2,3,3,6,2029,2,0,0,0.833333333,0,0,4,1,0,1,0,3,1,1,3,2,2,224,1,2,3,1,1,1,1,5,1,1,1,1,1,3,3,1,2,4,5,1,1,1,2,0,0,0,0,0,0,0,0,0,0,5,0,0,1,3,3,2,5,0,0,4,1,4,1,1,6,1,7,0,0,4.48,76.25,0.142857143,1,0,0,0.333333333,0,10,1.292
3,6,7,1,0,0,4,2,1,5,4,4,2,3,4,0.15,0,4,4,3,1,3,3,4,2241,0,0,0,0.916666667,0,0,4,1,3,2,0,2,1,2,4,1,3,160,1,1,0,0,0,1,1,5,1,1,1,1,1,1,4,2,2,5,5,1,1,1,5,0,0,0,0,0,0,0,0,0,0,5,0,0,1,3,3,1,4,2,1,5,1,4,1,1,4,1,7,0,0,3.53,80.625,0,0,0,0,0.25,0,10,1.024
3,5,7,1,0,0,4,1,3,6,5,6,3,4,4,0.12,0,4,4,2,1,3,3,4,2341,2,0,0,1,0,0,3,3,0,0,3,0,3,0,3,0,2,80,4,1,0,0,0,1,3,4,3,2,1,1,1,2,5,4,1,2,5,2,1,2,5,0,0,0,0,0,0,0,0,0,0,4,0,0,1,3,3,1,5,0,0,5,1,4,1,0,6,1,7,0,0,5.13,85,0,0,0,0,0.166666667,0,10,1.289
3,5,7,1,0,0,4,1,3,6,5,6,3,5,4,0.18,0,4,4,0,1,3,3,4,2341,0,0,0,1,0,0,0,3,0,4,2,1,1,1,2,0,3,232,4,1,0,0,0,1,2,4,1,2,1,1,1,2,4,2,2,4,5,2,2,2,5,0,0,0,0,0,0,0,0,0,0,5,0,0,1,3,3,1,5,0,0,5,1,4,2,1,5,1,7,0,0,4.01,88,0,0,0,0,0.083333333,0,10,0.683
3,4,6,4,0,0,4,1,2,3,6,6,2,5,4,0.16,0,4,4,3,1,3,3,4,2075,0,0,0,1,0,0,4,3,2,5,0,2,0,0,0,0,1,168,4,1,0,0,0,1,1,2,3,2,4,1,1,2,3,1,1,6,0,0,0,0,0,0,0,0,0,0,0,0,0,0,0,4,0,0,1,3,3,1,4,2,2,4,1,4,1,3,4,1,7,0,0,3.955,89,0,0,0,0,0,0,10,1.255
4,5,7,1,3,0,5,5,3,5,3,6,6,3,4,0.51,0,4,4,3,1,3,3,4,1698,0,0,0,0.8,0,0,2,2,3,1,0,2,2,2,3,3,3,224,1,3,2,1,1,1,2,5,2,2,1,1,1,3,3,2,1,4,4,2,2,2,5,0,0,0,0,0,0,0,0,0,0,2,2,4,0,3,3,1,5,0,0,5,1,4,1,0,6,1,7,0,1,3.9,90,0,0,0,0,0,0,5.796,0.686
4,5,7,1,3,0,4,5,3,5,3,6,5,3,4,0.53,1,4,4,3,1,3,3,5,1677,2,0,0,0.6,0,0,2,1,3,1,0,1,1,3,3,2,3,160,3,2,2,1,1,1,1,5,1,1,1,1,1,1,3,2,2,4,3,1,1,1,5,0,0,0,0,0,0,0,0,0,0,4,0,0,1,3,3,1,5,0,0,5,1,4,1,1,6,1,7,0,1,3.89,55,0,0,0,0,0,0,10,10
4,5,7,1,3,0,5,5,3,4,3,6,6,3,4,0.81,0,4,4,3,1,3,3,4,1464,0,0,0,0.4,0,0,2,1,3,1,0,1,0,2,3,2,3,192,4,2,1,1,1,1,1,5,1,1,1,1,1,1,3,2,1,5,1,1,1,1,5,0,0,0,0,0,0,0,0,0,0,4,0,0,1,3,0,1,5,0,0,5,1,4,1,1,6,1,7,0,1,4.04,48,0,0.5,0,0,0,0,10,0.436
4,5,7,4,3,0,4,1,1,4,4,6,6,4,4,0.01,0,4,4,1,1,3,3,4,1516,2,0,0,0.2,0,0,4,3,4,0,0,0,4,0,2,2,1,64,4,2,3,2,2,1,2,1,1,1,2,1,2,2,3,4,2,1,3,4,2,3,3,0,0,0,0,0,0,0,0,0,1,1,2,5,0,1,3,1,4,2,3,5,1,4,1,2,6,1,7,0,2,6.97,183,0,1,0,0,0,0,4.748,7.076
4,5,6,4,3,0,4,2,2,4,3,4,3,5,4,0.19,0,4,4,2,1,3,2,3,2118,2,0,0,0,0,0,2,4,3,0,0,0,1,0,1,6,0,0,4,5,1,1,1,3,1,1,3,1,1,1,1,2,4,4,2,2,4,1,1,1,1,0,0,0,0,0,0,0,0,0,0,1,2,2,1,1,3,1,5,0,0,1,1,4,3,1,6,1,7,0,2,6.885714286,162.875,1,1,0.333333333,0,0,0,4.438,1.231
4,5,7,1,3,0,5,4,2,4,3,3,3,2,1,0.27,0,4,4,3,1,2,2,4,2140,2,0,0,0,0,1,4,1,3,2,0,0,3,2,4,1,1,224,3,1,0,0,0,1,2,3,1,2,1,1,1,3,3,1,2,5,4,2,3,3,5,0,0,0,0,0,0,0,0,0,0,3,2,4,0,1,3,1,4,2,2,5,1,4,1,2,6,1,7,0,2,6.801428571,142.75,0.833333333,1,0.333333333,0,0,0,7.559,1.533
4,5,4,4,0,0,4,4,3,5,6,5,2,4,4,0.12,0,4,4,2,1,3,3,6,2181,0,0,0,0,0,0,2,1,0,2,0,3,0,2,3,1,2,224,1,1,0,0,0,1,2,5,1,1,1,1,1,1,3,1,1,6,0,0,0,0,0,0,0,0,0,0,0,0,0,0,0,5,0,0,1,3,3,1,3,2,3,5,1,4,1,0,6,1,7,0,1,6.717142857,122.625,0.666666667,1,0.5,0,0,0,10,1.938
4,5,4,1,3,1,4,4,3,4,3,5,6,4,2,0.603,0,4,4,2,1,3,2,6,2077,2,0,0,0,0.052631579,0,4,4,0,1,1,0,2,0,1,4,0,112,4,4,1,4,1,1,2,1,1,1,1,1,3,3,2,3,4,1,5,2,2,2,4,1,2,0,0,0,1,0,0,1,0,2,2,3,0,1,3,2,4,2,2,5,1,4,1,1,5,1,7,0,1,6.632857143,102.5,0.5,1,0.333333333,0,0,0,5.438,1.176
4,5,7,2,3,1,3,4,1,5,7,6,6,2,4,0.528,0,4,4,2,2,3,3,5,1835,0,0,0,0,0.105263158,0,4,2,3,3,0,3,0,0,2,2,2,224,1,2,1,2,1,1,2,4,2,2,3,1,2,3,3,3,3,4,4,3,2,2,4,0,0,0,0,0,0,0,0,0,1,1,1,4,0,1,3,2,5,0,0,4,6,4,1,0,6,1,7,0,2,6.548571429,82.375,0.333333333,1,0.666666667,0,0,0,5.999,6.366
4,5,5,7,0,0,2,4,3,5,5,2,5,5,1,0.17,0,4,4,3,1,3,2,4,1911,0,0,0,0,0.157894737,0,4,1,3,2,0,2,0,2,3,2,2,224,1,1,0,0,0,1,1,5,1,1,1,1,1,2,3,1,1,5,5,1,1,1,5,0,0,0,0,0,0,0,0,0,0,4,0,0,1,3,3,1,5,0,0,5,6,4,1,1,6,1,7,0,0,6.464285714,62.25,0.166666667,1,0,0,0,0,10,0.969
4,5,7,1,3,0,4,4,3,3,3,5,3,5,4,0.34,0,4,4,2,1,2,0,4,2011,0,0,0,0.5,0.210526316,0,4,4,0,0,0,0,0,0,0,6,0,0,4,5,2,1,1,1,1,1,2,2,4,2,3,1,5,3,3,2,1,2,2,1,5,0,0,0,0,0,0,0,0,0,0,2,1,2,1,3,3,1,5,0,0,1,5,4,1,1,6,1,7,0,0,6.38,42.125,0,1,0,0,0,0,4.038,1.522
4,5,7,1,3,0,4,5,3,4,3,3,6,3,4,0.5,0,4,4,2,1,3,3,4,1380,0,0,0,1,0.263157895,0,1,2,3,1,0,1,0,1,4,3,3,168,4,3,1,1,2,1,2,4,3,2,2,1,2,2,3,2,2,3,3,2,2,1,2,0,0,0,0,0,0,0,0,0,1,3,2,4,1,3,3,2,5,0,0,5,1,4,1,1,6,1,7,0,1,6.42,22,0,1,0,0,0,0,5.314,5.972
4,5,7,1,3,0,4,5,3,4,4,2,6,5,4,0.6,0,4,4,2,1,3,3,3,1380,0,0,0,1,0.315789474,0,1,1,0,1,0,1,0,1,2,3,3,168,4,3,2,1,1,1,2,5,1,1,1,1,1,1,3,2,1,5,1,1,1,1,5,0,0,0,0,0,0,0,0,0,0,5,0,0,1,3,3,1,5,0,0,5,1,4,1,1,6,1,7,0,1,6.39125,22.875,0,1,0,0,0,0,10,0.889
4,5,6,4,3,1,4,2,1,5,4,3,5,5,1,0.00085,0,4,4,1,2,3,2,4,1970,2,0,0,1,0.368421053,0,4,4,3,0,3,0,0,0,2,4,0,20,4,4,1,2,1,1,1,1,1,2,4,1,2,3,2,3,4,3,2,3,3,3,1,0,0,0,0,0,0,0,0,0,1,1,1,2,0,1,3,3,5,0,0,3,6,4,2,0,6,1,7,0,2,6.3625,23.75,0,1,0,0,0,0,5.016,7.083
4,5,6,4,3,1,3,4,3,5,4,5,5,3,2,0.086,0,4,4,1,1,3,2,2,2207,0,0,0,1,0.421052632,0,2,3,3,6,0,0,0,1,1,0,0,40,3,1,0,0,0,1,1,4,1,1,4,1,1,3,2,2,3,5,5,1,2,2,3,0,0,0,0,0,0,0,0,0,1,1,1,4,0,3,3,2,5,0,0,5,1,4,1,1,6,1,7,0,1,6.33375,24.625,0,0.875,0.5,0,0,0,4.861,6.595
4,5,6,4,1,1,3,4,3,4,3,4,5,2,1,0.75,0,4,4,1,3,1,2,4,2202,0,0,0,1,0.473684211,0,4,3,2,5,0,2,0,2,0,0,0,224,3,1,0,0,0,1,3,4,3,1,3,1,1,3,3,2,3,4,5,2,2,2,5,0,0,0,0,0,0,0,0,0,0,2,1,5,0,3,3,2,5,0,0,4,2,4,1,0,6,1,7,0,0,6.305,25.5,0,0.75,0.5,0,0,0,5.665,2.708
4,5,7,1,2,1,4,3,3,3,4,2,2,1,1,0.166,0,4,4,1,2,3,3,6,2111,2,0,0,1,0.526315789,0,4,2,0,0,0,3,0,0,4,2,1,224,1,2,1,1,1,1,1,5,1,1,1,1,1,3,3,1,1,6,0,0,0,0,0,0,0,0,0,0,0,0,0,0,0,5,0,0,1,3,3,2,5,0,0,5,6,4,2,1,6,1,7,0,0,6.27625,26.375,0,0.625,0,0,0,0,10,1.945
4,5,5,7,3,2,2,3,3,5,4,4,4,1,1,0.865,0,4,4,2,3,3,3,6,2099,0,0,0,1,0.578947368,0,3,1,3,4,0,2,0,2,3,1,2,225,2,1,0,0,0,1,1,4,1,1,1,1,1,3,3,1,1,6,0,0,0,0,0,0,0,0,0,0,0,0,0,0,0,5,0,0,1,3,3,1,5,0,0,5,6,4,1,1,6,1,7,0,1,6.2475,27.25,0,0.5,0,0,0,0,10,1.501
4,5,7,4,1,1,4,3,3,5,6,5,4,1,1,0.29,0,4,4,2,3,3,0,6,1987,2,0,0,1,0.631578947,0,1,1,0,1,0,4,0,3,3,1,2,160,1,1,0,0,0,1,1,5,1,1,1,1,1,3,3,1,2,6,0,0,0,0,0,0,0,0,0,0,0,0,0,0,0,5,0,0,1,3,3,1,4,2,2,5,6,4,1,0,6,1,7,0,0,6.21875,28.125,0,0.375,0,0,0,0,10,2.114
4,4,7,1,3,0,5,5,3,2,4,5,6,5,4,0.66,1,4,4,2,1,3,3,5,1357,0,0,0,1,0.684210526,0,2,3,4,0,0,1,1,1,3,3,1,232,3,3,2,1,2,1,2,2,3,2,2,1,1,2,4,4,2,2,3,2,2,1,1,0,0,0,0,0,0,0,0,0,0,1,2,4,0,1,3,2,5,0,0,5,1,4,1,1,6,1,7,0,2,6.19,29,0,0.25,0,0,0,0,4.708,10
4,5,5,2,3,2,4,2,3,6,1,6,6,1,4,0.0129,0,4,4,2,1,3,3,6,2080,2,0,0,1,0.736842105,0,3,3,0,0,4,0,2,0,2,1,3,84,3,1,0,0,0,1,1,1,2,1,4,1,1,3,5,4,1,6,0,0,0,0,0,0,0,0,0,0,0,0,0,0,0,5,0,0,1,1,3,1,5,0,0,5,1,4,1,1,5,1,3,0,2,6.38,66.5,0,0.125,0,0,0,0,10,1.378
4,5,7,1,0,0,4,4,3,5,3,6,6,3,4,0.72,0,4,4,2,1,3,3,4,1329,2,0,0,1,0.789473684,0,1,3,1,1,0,1,0,1,0,0,2,170,4,1,0,0,0,1,1,4,3,2,3,2,1,2,3,2,2,5,5,1,1,1,5,0,0,0,0,0,0,0,0,0,0,4,0,0,1,3,3,1,5,0,0,5,1,4,1,0,6,1,7,0,1,6.57,104,0,0,0,0,0,0,10,0.789
4,5,7,1,0,0,4,4,3,5,3,6,6,1,4,0.72,0,4,4,2,1,3,3,4,1329,0,0,0,1,0.842105263,0,1,1,3,2,0,2,0,2,3,1,1,160,1,1,0,0,0,1,1,5,1,2,1,1,1,2,3,2,1,5,5,1,1,1,5,0,0,0,0,0,0,0,0,0,0,4,0,0,1,3,3,1,5,0,0,5,1,4,1,1,6,1,7,0,1,5.29,89.5,0,0,0,0,0,0,10,0.789
4,4,6,6,0,0,3,3,3,6,6,6,6,4,4,0.41,0,4,4,3,1,2,3,4,1342,0,0,0,0.833333333,0.894736842,0,4,3,1,5,0,1,0,1,1,0,1,168,3,1,0,0,0,1,1,5,3,2,1,2,1,2,4,1,1,5,5,1,1,1,5,0,0,0,0,0,0,0,0,0,0,4,0,0,1,3,3,1,5,0,0,5,1,4,1,1,6,1,7,0,0,4.01,75,0,0,0,0,0,0,10,1.186
4,4,6,6,0,0,3,3,3,6,6,6,6,4,4,0.41,0,4,4,3,1,2,3,4,1342,0,0,0,0.666666667,0.947368421,0,4,1,3,3,0,3,0,3,2,1,3,160,1,1,0,0,0,1,1,5,1,1,1,1,1,1,3,1,1,5,1,1,1,1,5,0,0,0,0,0,0,0,0,0,0,5,0,0,1,3,3,1,5,0,0,5,1,4,1,1,6,1,7,0,1,5.2,82.5,0,0,0,0,0,0,10,1.186
4,5,7,1,0,0,4,3,2,6,3,2,3,5,4,0.24,0,4,4,1,1,3,3,2,1907,2,0,0,0.5,1,0,3,3,0,1,1,0,4,0,2,1,1,124,3,1,0,0,0,1,5,2,1,2,2,1,1,2,2,4,3,1,5,2,2,2,1,0,0,0,0,0,0,0,0,0,0,1,2,4,0,2,3,2,5,0,0,5,1,4,1,0,6,1,7,0,0,6.39,90,0,0,0,0,0,0,3.621,1.467
4,5,7,1,3,0,4,4,3,6,3,5,3,3,4,0.24,0,4,4,3,1,3,3,4,1907,0,0,0,0.333333333,1,0,3,2,1,2,0,3,0,2,2,3,1,160,1,3,2,1,1,1,1,5,2,2,1,1,1,1,3,3,2,3,5,1,1,2,5,0,0,0,0,0,0,0,0,0,0,4,0,0,1,3,3,1,5,0,0,5,2,4,1,1,6,1,7,0,1,4.1,61,0,0,0,0,0,0,10,0.911
4,5,7,1,3,0,4,5,3,4,3,2,6,5,4,0.59,0,4,4,3,1,3,3,4,1437,2,0,0,0.166666667,1,0,2,1,3,2,0,2,0,2,4,2,3,168,3,2,2,1,1,1,1,5,3,2,1,1,1,2,3,2,1,5,3,1,1,1,5,0,0,0,0,0,0,0,0,0,0,4,0,0,1,3,3,1,5,0,0,5,1,4,1,1,6,1,7,0,1,3.65,53,0,0,0,0,0,0,10,0.619
4,5,7,1,2,0,4,2,2,1,2,6,4,5,4,0.11,1,4,4,3,1,3,3,4,1954,2,0,0,0,1,0,4,4,3,0,0,0,1,0,2,5,1,68,4,4,2,2,1,1,2,1,1,1,1,1,1,2,4,4,2,1,3,2,2,2,4,0,0,0,0,0,0,0,0,0,1,2,1,3,0,2,3,1,5,0,0,5,1,4,2,1,5,1,7,0,0,6.33,156,1,0,0,0,0,0,5.327,10
5,5,7,1,0,0,4,5,3,5,3,2,6,5,4,0.54,0,4,4,2,1,3,1,4,1486,0,0,0,0,1,0,4,3,4,4,0,2,2,1,1,1,2,232,3,1,0,0,0,1,3,4,3,2,1,2,1,3,4,3,3,2,5,2,2,2,5,0,0,0,0,0,0,0,0,0,1,1,2,5,1,3,2,1,5,0,0,5,1,4,1,0,6,1,7,0,1,6.16,134,0,0,0,0,0,0,4.841,6.494
1,4,6,7,2,1,3,4,3,4,3,6,6,4,2,0.26,0,4,4,1,1,1,2,3,1767,2,0,0,0,1,0,3,3,0,4,0,2,2,1,2,2,2,248,3,2,2,1,2,1,1,3,3,2,4,1,1,1,1,1,2,5,5,2,1,1,1,0,0,5,0,0,0,0,0,0,1,1,2,4,0,3,3,2,5,0,0,5,1,4,1,1,6,1,7,0,1,6.225714286,134,0,0.333333333,0,0,0,0,4.605,7.283
2,4,5,6,0,0,4,1,2,5,5,4,2,5,4,0.06,0,4,4,2,2,3,2,4,1950,2,0,1,0,1,0,4,3,0,2,1,1,4,1,2,0,1,224,1,3,3,1,1,2,4,2,1,1,2,1,1,2,2,0,2,5,5,2,2,2,3,0,0,0,0,0,0,0,0,0,0,1,1,1,0,2,1,1,3,1,3,4,1,4,3,2,5,1,7,0,0,6.291428571,134,0,0.666666667,0.5,0,0,0,6.196,3.052
4,5,7,1,0,0,4,1,1,5,4,5,4,5,4,0.19,0,4,4,2,1,2,2,4,2065,2,0,0,0,1,0,4,3,4,0,0,0,3,0,2,4,1,64,1,4,1,1,1,3,3,1,1,1,2,1,1,2,4,2,2,5,3,2,2,2,1,0,0,0,0,0,0,0,0,0,1,1,1,1,0,1,3,1,5,0,0,5,1,4,3,1,5,1,7,0,0,6.357142857,134,0,1,0,0,0,0,6.279,6.647
1,4,7,2,0,0,5,1,2,5,7,0,5,5,4,2146,0,4,4,2,1,2,2,4,2146,2,1,0,0,1,0,4,3,4,0,0,0,4,0,2,2,1,80,1,2,2,1,1,3,4,1,1,1,2,1,1,2,2,3,3,4,5,2,2,2,2,0,0,0,0,0,0,0,1,0,1,1,2,1,0,1,2,2,5,0,0,1,1,4,2,2,6,1,7,0,2,6.422857143,134,0,1,0.333333333,0,0,0,4.974,0
2,5,5,4,3,2,4,0,3,5,3,5,6,4,2,0.1,0,4,4,2,1,1,3,4,2065,1,0,0,0,1,0,3,3,0,3,0,0,1,0,4,0,1,232,4,1,0,0,0,4,2,3,3,2,4,3,1,2,1,2,2,4,4,1,3,2,1,0,0,0,0,0,0,0,0,0,1,1,2,4,0,2,3,3,4,2,3,3,1,4,1,1,6,1,7,0,0,6.488571429,134,0,1,0,0,0,0,5.058,7.488
1,1,6,6,3,1,4,4,3,5,6,6,4,1,4,0.9,0,4,1,1,1,3,1,6,2169,2,0,0,0,1,0,3,1,0,1,0,2,0,2,5,2,2,128,3,2,1,1,1,1,1,5,1,2,1,1,1,1,3,1,1,6,0,0,0,0,0,0,0,0,0,0,0,0,0,0,0,4,0,0,1,3,3,1,5,0,0,5,1,4,1,1,6,1,7,0,1,6.554285714,134,0,1,0,0,0,0,10,10
1,5,6,1,0,0,4,1,1,5,7,5,6,5,1,0.39,0,4,4,2,1,3,2,4,1538,2,0,0,0,1,0,4,3,0,2,3,0,2,0,0,0,3,94,4,1,0,0,0,1,3,3,3,1,1,2,1,2,5,2,1,6,0,0,0,0,0,0,0,0,0,0,0,0,0,0,0,1,2,4,0,3,1,2,4,2,2,5,1,4,1,1,6,0,7,0,0,6.62,134,0,1,0,0,0,0,3.194,2.043
