OF2,OF3,OF4,OF5,OF6,OF7,OF8,OF9,OF10,OF11,OF13,OF14,OF15,OF16,OF17,OF18,OF19,OF20,OF21,OF22,OF23,OF24,OF25,OF26,OF27,OF28,OF30,OF31,OF33,OF34,OF37,OF38,F1,F2,F3_a,F3_b,F3_c,F3_d,F3_e,F3_f,F3_g,F4,F5,F6,F7,F8,F9,F10,F12,F13,F14,F15,F16,F17,F18,F19,F20,F21,F22,F23,F24,F25,F28,F29,F30,F31,F32,F33,F34,F35,F36,F37,F38,F39,F40,F41,F43,F44,F45,F46,F47,F48,F49,F50,F51,F52,F53,F54,F55,F56,F57,F58,F59,F62,F63,F64,F65,F66b,F67,F68,S1,S2,S4,S5,SFST,SFST_Benefit
4,5,5,6,0,0,4,1,1,5,4,4,2,5,1,0.07,0,4,4,2,1,3,1,4,2272,1,0,1,1,0,0,4,3,0,0,2,0,4,0,2,2,2,80,1,3,0,0,0,2,3,1,1,2,4,1,1,3,1,2,4,5,4,2,1,2,1,0,0,0,0,0,0,0,0,0,1,1,1,1,0,2,1,1,5,0,0,5,1,4,1,1,3,3,5,0,0,0,0,0,0,0.333333333,0,0,0,3.815,5.702
4,5,5,4,3,0,4,4,3,1,5,2,3,5,1,0.22,0,4,4,2,1,3,3,4,2272,2,0,0,0,0,1,4,4,3,0,0,0,0,2,0,5,1,0,4,4,1,2,2,2,1,1,2,2,2,1,1,1,2,1,4,3,1,2,3,2,5,1,5,2,1,3,1,0,1,3,0,1,2,0,0,1,1,2,4,2,4,5,1,4,3,2,3,2,5,0,2,0,0,0,0,0.333333333,0,0,0,4.198,4.893
4,5,5,6,1,0,5,1,1,5,6,3,2,5,4,0.13,0,4,4,1,1,2,2,4,2314,2,0,1,1,1,0.8,3,4,0,0,0,0,0,0,2,5,1,0,4,4,2,4,1,1,2,3,1,1,1,1,3,1,3,1,4,2,3,2,3,1,4,0,0,0,0,0,0,0,0,0,1,1,1,2,0,2,1,1,5,0,0,5,1,4,2,0,5,2,3,0,0,0,0,1,0,0.5,0,0,0,4.537,6.614
1,5,6,2,3,1,4,2,1,3,4,6,6,2,2,0.0356,0,4,4,2,2,3,3,6,2180,0,0,0,0.857142857,0.857142857,0.6,4,2,3,0,0,3,0,1,4,0,3,224,1,1,0,0,0,1,2,4,0,1,1,1,2,3,3,1,2,5,5,1,1,1,5,0,0,0,0,0,0,0,0,0,0,2,1,4,0,3,3,2,4,1,2,5,6,4,1,1,4,2,7,0,1,0,0,0.833333333,0,0.666666667,0,0,0,3.924,2.268
2,4,4,6,2,1,4,1,3,5,6,4,6,2,2,0.08,0,4,4,1,3,1,2,4,2062,2,0,0,0.714285714,0.714285714,0.4,4,3,0,0,1,0,4,0,2,1,1,80,3,1,0,0,0,1,5,1,1,1,3,1,1,2,1,3,2,4,5,3,2,2,1,0,0,0,0,0,0,0,0,0,1,1,2,4,0,3,3,2,4,1,2,5,1,4,1,1,5,2,7,0,0,0,0,0.666666667,0,0.333333333,0,0,0,4.648,6.771
1,5,5,3,2,0,3,4,3,5,6,6,6,2,2,0.49,0,4,4,2,1,3,1,4,1846,2,0,0,0.571428571,0.571428571,0.2,3,4,3,0,0,1,3,0,1,5,2,104,3,3,3,3,1,1,4,1,2,2,2,2,2,3,3,2,3,2,2,2,2,3,4,1,5,3,3,3,1,0,0,1,1,1,2,3,0,2,3,1,5,0,0,3,6,4,1,1,6,1,7,0,1,0,0,0.5,0,0,0,0,0,5.49,6.072
3,3,4,7,1,3,3,4,3,6,7,3,5,2,4,0.3008,0,4,4,3,1,2,1,4,1936,2,0,0,0.428571429,0.428571429,0,3,4,3,1,0,0,2,0,2,5,1,192,4,4,1,2,1,1,2,1,1,2,2,2,2,3,4,3,3,4,1,2,2,3,4,1,5,4,1,1,1,0,1,3,1,1,1,1,0,1,3,1,1,2,2,5,1,4,1,1,6,1,7,0,1,6.83,0,0.333333333,0,0.5,0,0,0,5.597,7.392
1,4,5,6,3,3,4,5,3,6,7,4,6,2,2,0.51,0,4,4,2,1,2,2,4,1657,2,0,0,0.285714286,0.285714286,0,3,3,0,0,0,0,4,0,2,3,0,64,3,3,1,1,1,1,5,2,1,1,4,1,1,1,3,2,3,4,5,2,2,2,1,0,0,0,0,0,0,0,0,0,1,1,2,2,0,3,3,1,5,0,0,5,1,4,1,1,6,1,7,0,1,7.09,0,0.166666667,0,0,0,0,0,6.037,6.317
3,5,7,1,0,0,4,4,3,5,7,6,6,5,4,0.43,0,4,4,2,1,3,3,4,1342,0,0,0,0.142857143,0.142857143,0,4,3,0,5,2,1,1,1,1,0,2,63,3,1,0,0,0,1,2,2,3,2,4,2,1,2,3,4,2,3,5,2,2,2,2,0,0,0,0,0,0,0,0,0,1,1,2,5,0,2,3,2,5,0,0,5,1,4,1,1,6,1,7,0,0,7.35,380,0,0,0,0,0,0,7.028,3.235
4,5,7,1,0,0,5,4,3,1,5,2,4,5,4,0.52,0,4,4,2,1,3,3,4,1985,0,0,0,0,0,0,2,3,0,4,3,1,1,1,1,0,3,63,3,1,0,0,0,1,1,2,2,2,3,2,1,2,1,3,2,3,5,2,2,1,2,0,0,0,0,0,0,0,0,0,1,2,2,4,1,3,3,2,4,2,2,5,1,4,1,1,6,1,7,0,1,6.56,81,0,0,0,0,0,0,2.934,2.597
4,4,6,4,2,0,5,2,3,5,6,6,6,2,2,0.08,0,4,4,2,1,2,2,3,1757,2,0,0,0.5,0,0,3,3,0,0,0,0,4,0,2,3,2,64,3,3,3,1,2,1,5,1,1,2,4,1,1,3,2,2,2,5,5,1,1,1,1,0,0,0,0,0,0,0,0,0,1,1,2,3,1,3,3,1,5,0,0,5,1,4,1,1,6,1,7,0,1,6.705,63,0,0,0,0,0,0,4.481,7.039
5,5,7,1,3,0,4,4,3,4,1,1,4,2,4,0.59,0,4,4,2,1,3,3,4,1985,0,0,0,1,0,0,1,2,3,1,0,1,0,1,4,2,2,160,4,2,2,1,2,1,2,4,1,2,1,1,1,1,4,4,2,1,5,2,2,2,2,1,4,5,5,3,1,1,0,2,1,1,2,5,0,1,3,1,5,0,0,5,1,4,1,2,6,1,7,0,1,6.85,45,0,0,0,0,0,0,6.212,2.27
4,5,6,6,1,0,3,5,3,5,7,6,6,1,4,0.38,0,4,4,1,3,3,1,4,1833,2,0,0,1,0,0,3,4,3,0,0,2,1,0,1,5,1,224,3,4,2,4,1,1,1,1,3,2,1,2,3,3,4,2,5,2,2,1,2,3,5,1,5,3,5,1,0,0,0,1,0,1,2,5,0,1,3,1,2,2,1,5,2,4,3,1,6,1,7,0,1,6.64,62.5,0,0,0.666666667,0,0,0,5.51,6.335
3,5,7,1,3,0,4,5,3,5,7,4,6,5,4,0.07,0,4,4,2,1,3,1,4,1426,0,0,0,1,0,0,1,4,0,1,0,0,1,0,3,3,1,40,4,3,1,2,1,1,1,2,2,2,4,1,2,2,3,4,3,1,2,3,2,2,4,1,4,5,5,2,1,0,1,3,1,1,1,3,0,1,3,1,5,0,0,5,1,4,1,1,6,1,7,0,1,6.43,80,0,0,0,0,0,0,5.247,3.363
4,5,7,1,3,0,4,3,2,5,5,4,5,4,4,0.23,1,4,4,2,1,3,3,4,1815,1,0,0,1,0,0,2,4,0,0,0,0,2,0,2,5,1,64,3,4,2,1,1,1,2,3,3,2,1,1,1,2,2,2,4,1,3,2,2,2,5,1,3,5,5,2,1,0,1,2,1,1,1,3,0,1,3,1,5,0,0,5,1,4,1,1,6,1,7,0,2,5.19,80,1,0,0,0,0,0,5.698,4.03
4,5,7,1,3,0,5,5,3,5,3,4,6,1,4,0.72,0,4,4,3,1,3,3,4,1455,0,0,0,1,0,0,1,2,3,1,0,1,0,1,1,4,1,192,4,4,2,1,2,1,1,5,2,2,1,1,1,1,3,4,3,1,1,2,5,1,5,1,5,4,5,3,1,0,0,2,1,1,1,1,0,1,2,1,5,0,0,5,1,4,1,1,1,1,4,0,1,6.43,80,0,0,0,0,0,0,6.208,1.038
4,5,7,1,3,0,4,5,3,4,6,4,6,5,4,0.66,0,0,0,2,1,3,2,4,1357,0,0,0,1,0,0,2,2,3,1,0,2,1,2,3,3,2,128,4,3,1,1,1,1,2,4,2,2,1,1,2,1,3,2,2,2,2,2,5,2,5,1,5,3,5,2,1,0,1,2,1,2,1,2,0,1,3,1,5,0,0,5,1,4,1,0,6,1,7,0,1,4.16,52,1,0,0,0.063492063,0.047619048,0,3.639,1.827
1,4,6,2,3,2,3,5,3,5,7,4,6,2,4,0.079,0,4,4,1,3,2,1,0,1666,2,0,0,1,0,0,0,3,0,2,0,1,5,0,1,1,0,96,3,1,0,0,0,1,5,3,0,2,4,1,1,3,4,3,3,3,5,2,2,2,1,1,0,3,5,1,1,0,0,3,1,1,1,5,0,3,3,3,5,0,0,4,6,4,1,0,6,1,7,0,0,5.28,60,0.5,0,0.666666667,0.126984127,0.095238095,0,5.567,5.514
1,5,7,1,3,0,4,5,3,3,7,6,6,3,4,0.56,0,4,4,1,1,3,3,4,1345,2,0,0,1,0,0,2,3,0,3,0,2,2,1,2,2,1,202,3,2,3,1,2,1,2,1,3,2,2,3,1,3,1,4,2,2,3,2,2,2,2,1,4,3,5,1,1,0,0,3,1,1,2,4,0,2,3,1,5,0,0,0,1,4,1,0,6,1,7,0,0,6.4,68,0,0,0,0.19047619,0.142857143,0,4.885,3.529
2,5,7,1,3,0,4,5,3,5,5,5,5,3,4,0.46,0,4,4,3,1,0,3,5,1859,2,0,0,1,0,0,2,2,0,1,0,1,0,1,2,5,1,0,4,4,1,1,1,1,2,4,3,2,1,1,1,2,3,2,4,1,3,2,2,2,5,1,3,5,5,2,1,0,0,3,1,2,1,3,0,3,3,1,5,0,0,5,2,4,1,1,6,1,7,0,0,3.6,80.33333333,0,0,0.5,0.253968254,0.19047619,0,3.579,2.045
2,5,7,2,3,1,4,4,3,5,7,3,6,3,4,0.038,0,4,4,2,2,2,3,5,1670,0,0,0,1,0,0,2,4,0,0,0,0,0,0,4,4,1,64,4,4,1,3,1,1,1,1,1,1,1,1,1,3,3,3,4,2,4,2,1,3,4,1,4,3,5,1,1,0,0,3,1,1,1,2,0,3,3,2,5,0,0,4,6,4,3,0,6,1,7,0,0,4.775,92.66666667,0,0,0.666666667,0.317460317,0.238095238,0,5.865,2.719
3,5,7,1,3,0,4,5,3,5,5,4,6,5,4,0.7,0,4,4,2,1,3,3,4,1579,2,0,0,1,0,0,2,4,0,1,1,1,1,0,3,3,3,64,4,3,2,2,2,1,2,3,2,2,3,1,1,2,4,3,3,1,2,3,3,3,5,1,4,3,5,3,1,0,0,2,0,2,2,2,1,2,3,1,4,2,2,5,1,4,1,1,4,1,3,0,1,5.95,105,0,0,0,0.380952381,0.285714285,0,3.518,2.163
3,4,6,6,3,1,3,4,2,5,7,4,6,3,2,0.1837,0,4,4,2,3,3,3,4,1865,2,0,0,1,0,0,3,4,3,1,1,0,2,0,2,4,3,240,2,4,3,4,1,1,3,2,2,2,3,1,1,3,3,3,4,2,4,2,2,2,3,1,4,5,5,1,1,0,0,2,0,1,1,3,0,1,3,1,3,2,1,5,6,4,1,1,6,1,0,0,1,6.235,152,0,0.5,0.333333333,0.444444444,0.333333333,0,5.899,4.864
3,4,7,1,3,0,4,1,2,5,7,5,2,5,4,0.1,0,4,4,2,1,2,3,4,2194,0,0,0,1,0,0,4,4,3,0,0,0,1,0,1,6,2,64,4,4,3,3,1,1,2,1,1,1,2,1,2,1,2,4,2,1,2,2,3,1,5,1,5,3,5,2,1,1,0,0,1,2,2,3,1,3,3,1,4,2,2,5,5,4,1,1,5,1,7,0,3,6.52,199,0,1,0.5,0.395061728,0.296296296,0,2.802,2.22
3,5,7,0,3,0,5,5,3,5,7,4,6,4,4,0.77,0,4,4,3,1,3,2,4,1337,2,0,0,1,0,0,2,2,3,1,0,1,0,1,1,4,2,192,4,4,2,1,2,1,1,5,1,2,3,1,2,1,3,4,2,2,1,2,2,2,5,1,5,5,5,1,1,0,0,1,1,1,2,4,0,3,3,1,5,0,0,5,1,4,1,1,5,1,4,0,1,4.45,101,0,0,0,0.345679012,0.259259259,0,6.101,3.696
3,5,6,3,3,2,4,2,2,5,3,4,6,1,2,0.25,0,4,4,2,1,2,3,3,2232,2,0,0,1,0,0,3,2,4,0,0,0,1,0,3,4,1,80,3,4,4,2,1,1,2,4,2,2,1,1,1,3,3,2,3,3,4,1,1,1,5,1,3,4,5,2,0,0,0,1,0,2,2,2,0,3,3,1,4,2,1,5,1,4,2,1,6,1,7,0,1,4.055,83,0,0,0,0.296296296,0.222222222,0,3.728,3.004
3,6,7,1,3,0,4,5,3,5,6,4,6,5,4,0.76,0,4,4,3,1,3,3,4,1363,0,0,0,1,0,0,1,1,3,0,0,1,0,3,3,2,2,160,4,2,1,1,1,1,1,5,1,1,1,1,1,1,3,2,2,5,2,1,5,2,5,1,5,5,5,3,1,0,0,2,0,5,0,0,1,3,3,1,5,0,0,5,1,4,1,0,6,1,7,0,1,3.66,65,0,0,0,0.24691358,0.185185185,0,0,0
3,5,7,1,3,0,4,5,3,5,3,5,4,4,4,0.35,0,4,4,2,1,3,1,4,2166,0,0,0,0.5,0,0,4,3,0,0,1,1,2,1,4,2,1,80,3,2,3,1,2,1,3,2,1,2,2,2,1,2,2,4,2,2,3,2,2,2,3,1,4,4,5,2,1,0,0,2,1,2,1,5,0,1,3,1,5,0,0,5,1,4,1,0,6,1,7,0,1,6.46,57,1,0,0,0.197530864,0.148148148,0,3.615,2.35
3,5,7,1,3,0,4,4,3,5,7,3,5,4,4,0.7,1,4,4,3,1,3,3,4,1730,2,0,0,0,0,0,1,3,4,1,1,1,5,1,1,1,1,64,4,2,3,1,2,1,5,1,2,1,1,1,1,1,4,4,2,2,5,2,2,1,3,1,4,5,5,3,1,0,0,2,0,1,1,5,0,1,3,1,5,0,0,5,1,4,1,1,6,1,7,0,1,6.5,108,0,0,0,0.148148148,0.111111111,0,7.108,2.791
4,5,7,1,0,0,4,5,3,4,5,3,6,5,4,0.76,0,4,4,3,1,3,3,4,1579,0,0,0,0,0,0,2,1,3,1,0,1,0,1,4,2,1,192,3,1,0,0,0,1,1,4,2,2,1,1,2,3,3,2,2,4,2,2,2,2,5,1,5,4,5,3,1,0,0,2,0,5,0,0,1,3,3,1,5,0,0,5,1,4,1,1,6,1,7,0,1,3.96,230,0,0,0,0.098765432,0.074074074,0,0,0
4,5,7,1,3,0,4,4,3,3,7,6,6,4,4,0.31,1,4,4,2,1,3,3,4,1609,2,0,0,0,0,0,4,4,3,1,0,1,1,1,1,5,1,232,0,4,1,2,2,1,2,2,2,2,1,1,1,2,3,3,4,1,3,2,2,3,5,1,4,4,5,2,1,0,1,2,1,1,1,3,0,1,2,1,5,0,0,5,1,4,2,2,6,1,7,0,1,6.28,160,1,0,0,0.049382716,0.037037037,0,6.979,3.694
4,5,7,4,2,1,4,2,3,5,6,4,6,2,3,0.1969,0,4,4,2,2,3,2,4,1697,2,0,0,0,0,0,2,2,4,1,0,0,1,0,4,3,1,224,4,3,4,2,1,1,3,3,1,1,3,1,1,3,2,2,4,3,2,1,3,2,3,1,5,4,5,3,1,0,0,1,1,1,2,4,0,3,3,1,4,2,1,5,1,4,1,1,6,1,7,0,0,5.96,190.5,0,1,0,0,0,0,5.701,5.736
4,4,7,2,2,1,5,1,2,6,3,5,5,4,2,0.322,0,4,4,1,1,2,2,4,1991,2,0,0,0,0,0,4,4,2,1,1,0,2,0,0,5,0,112,1,4,2,4,1,1,3,2,2,1,1,1,1,2,3,3,4,2,4,2,2,2,3,1,3,4,5,2,1,0,0,2,1,1,2,2,0,1,3,1,5,0,0,5,1,4,1,1,6,1,7,0,2,5.64,221,0,1,0,0,0.416666667,0,6.139,5.992
4,5,7,3,1,1,4,3,3,5,6,5,5,3,2,0.3181,0,4,4,2,1,2,1,4,1853,2,0,0,0,0,0,4,2,0,1,1,0,3,0,4,2,1,80,2,2,4,2,1,1,1,4,1,1,1,1,1,3,3,2,4,2,4,1,2,2,2,1,3,5,5,1,1,0,0,1,0,2,1,2,0,3,3,1,4,2,3,2,1,4,1,1,6,1,7,0,0,5.32,251.5,0,1,0.5,0,0,0,3.952,3.284
4,4,7,2,3,3,4,4,3,5,5,5,6,3,2,0.252,0,4,4,2,1,3,1,4,2147,2,0,0,0,0,0,4,4,0,0,0,0,2,0,1,5,2,64,4,4,1,3,1,1,2,1,2,1,1,1,2,3,4,2,4,2,4,2,2,2,4,1,5,3,5,1,1,0,0,2,1,1,2,3,0,3,3,2,5,0,0,5,1,4,1,1,6,1,7,0,0,5,282,0,1,0.333333333,0,0,0.060606061,5.226,5.308
4,5,7,1,3,0,4,5,3,5,6,3,3,4,4,0.4,0,4,4,2,1,3,3,4,1496,2,0,0,0,0,0,2,2,3,1,0,1,0,1,2,5,1,64,4,4,1,1,1,1,2,4,2,2,1,1,1,2,3,2,4,1,3,2,2,3,5,1,4,4,5,2,1,0,0,2,1,1,1,3,0,1,3,1,5,0,0,5,1,4,1,1,6,1,7,0,1,4.68,312.5,0,1,0,0,0,0.121212121,5.59,3.444
4,5,7,2,3,1,5,4,3,5,3,4,6,4,3,0.52,0,4,4,1,1,3,1,5,1846,2,0,0,0,0,0,2,2,4,1,0,2,0,0,4,3,3,192,4,3,2,2,1,1,3,4,2,1,2,1,1,3,3,2,3,4,2,1,3,3,3,1,5,4,5,3,1,0,0,3,1,1,2,2,0,3,3,2,5,0,0,4,6,4,1,1,6,1,7,0,0,5.463333333,343,0,1,0,0,0,0.181818182,5.938,5.077
4,5,7,1,3,0,4,5,3,5,3,0,3,5,4,0.62,0,4,4,1,1,3,3,4,1523,0,0,0,0,0,0,2,3,4,1,0,1,1,0,4,2,3,192,1,2,2,1,1,1,3,1,2,1,2,2,1,2,4,4,3,1,3,2,2,2,2,1,3,3,5,2,1,0,0,2,1,1,1,4,0,1,3,1,5,0,0,5,1,4,1,1,6,1,7,0,1,6.246666667,373.5,0,1,0,0,0,0.242424243,5.837,2.206
4,5,7,1,3,0,4,5,3,1,1,5,5,5,4,0.46,0,4,4,2,1,3,3,4,1730,2,0,0,0,0,0,2,3,4,2,1,1,3,0,2,3,1,96,2,3,2,3,2,1,3,1,2,2,2,1,1,2,3,3,4,1,3,2,2,2,5,1,3,2,5,2,1,1,1,3,1,2,1,5,0,1,3,1,4,2,2,5,1,4,1,2,6,1,7,0,2,7.03,404,0,0,0,0,0,0.303030303,3.956,2.479
4,5,6,1,3,0,4,5,3,1,5,4,3,5,4,0.29,0,4,4,2,1,3,1,4,2078,2,0,0,0,0,0,4,3,3,1,1,1,1,1,2,4,3,252,3,4,2,3,2,1,2,1,3,2,3,1,1,2,5,2,4,1,3,2,2,2,4,1,3,3,5,2,1,0,0,3,1,1,1,3,0,1,3,1,5,0,0,4,1,4,1,1,6,1,7,0,2,6.33,98,1,0,0,0,0,0.363636364,5.517,5.179
4,5,6,4,3,0,4,1,1,1,4,6,4,4,4,0.17,0,4,4,2,1,2,1,4,1933,2,0,0,0,0,0,4,4,3,0,0,0,2,0,2,4,3,64,4,4,2,2,2,1,2,1,2,2,1,2,1,2,3,2,5,1,3,2,3,3,5,1,4,2,5,2,1,1,1,3,1,2,1,3,0,1,2,1,3,2,2,5,1,4,3,2,5,1,7,0,2,7.03,242,1,0,0.333333333,0,0,0.424242424,4.312,3.693
5,5,5,4,3,1,3,2,1,2,5,2,3,2,1,0.004,0,4,4,2,2,2,2,4,2034,0,0,0,0,0,0,4,4,3,0,0,0,2,0,1,5,1,64,1,1,0,0,0,1,2,1,1,1,3,1,1,3,2,3,4,2,4,2,2,2,3,1,4,2,5,1,1,0,1,3,1,1,1,3,0,3,3,2,5,0,0,3,6,4,1,0,6,1,7,0,0,6.1,177.3333333,0,1,0.333333333,0,0,0.484848485,3.99,4.588
5,5,5,4,2,0,0,5,2,5,7,1,5,3,2,0.05,0,4,4,2,1,2,1,4,2041,2,0,0,0,0,0,3,3,4,1,0,0,3,0,4,3,3,96,4,4,4,3,1,1,3,3,3,2,4,1,3,3,3,3,4,2,4,1,2,3,3,1,4,3,5,2,1,0,0,1,1,1,2,1,0,2,3,1,4,2,1,4,1,4,2,1,6,1,7,0,2,5.17,112.6666667,0,0.5,0,0,0,0.545454546,5.615,5.839
5,5,7,2,3,0,4,2,2,5,4,2,5,4,4,0.53,0,4,4,2,1,3,3,5,1909,2,0,0,0,0,0,4,4,3,0,0,1,1,1,1,5,1,64,4,4,2,2,1,1,2,1,2,1,1,1,1,2,5,2,4,1,4,2,2,2,3,1,3,4,5,2,1,0,0,2,1,1,2,3,0,2,3,1,5,0,0,5,1,4,1,0,6,1,7,0,0,4.24,48,0,0,0,0,0,0.606060606,4.924,3.702
1,5,6,2,1,0,5,2,2,5,7,5,1,1,2,0.005,0,4,4,1,2,3,2,6,2169,1,0,0,0,0,0,2,4,0,0,0,0,0,0,0,6,0,0,3,5,1,4,1,2,1,1,1,1,1,1,1,3,3,4,4,1,5,3,2,2,2,1,3,4,5,2,0,0,0,1,0,1,2,3,0,3,3,2,5,0,0,5,1,4,2,1,6,1,5,0,0,5.665,204,0.5,1,0,0,0,0.666666667,6.153,6.637
4,4,7,1,3,0,4,3,2,1,4,2,3,5,4,0.286,0,4,4,2,1,2,1,3,1881,2,1,0,0,0,0,4,3,4,1,1,0,4,1,2,3,1,192,4,3,2,3,1,1,4,1,2,2,3,1,1,1,3,3,4,1,3,2,2,3,5,1,4,3,4,3,1,1,0,3,1,2,1,4,0,1,2,1,4,1,2,5,1,4,2,2,6,1,7,0,2,7.09,360,1,1,0.333333333,0,0,0.592592593,4.238,3.331
1,4,5,7,3,2,3,1,2,5,7,6,6,3,2,0.38,0,4,4,2,3,1,1,4,1904,2,0,0,0,0,0,4,4,3,0,0,0,1,0,0,5,0,0,4,5,1,4,1,1,2,1,3,2,2,1,3,3,3,2,4,2,5,2,2,2,4,1,3,2,4,1,1,0,0,3,1,1,1,3,0,2,3,2,4,2,3,3,6,4,1,1,6,1,7,0,2,6.81,300.6,0.666666667,1,0.333333333,0,0,0.518518519,5.795,5.221
2,5,6,2,3,2,4,5,3,5,6,4,6,4,4,0.3122,0,4,4,2,2,2,2,4,1846,0,0,0,0,0,0,4,4,2,0,0,0,0,0,4,4,1,64,4,4,1,3,1,1,3,4,1,1,1,1,4,3,3,3,4,2,3,3,3,2,4,1,4,4,4,3,1,0,1,3,1,1,1,2,0,1,3,2,5,0,0,3,6,4,1,0,6,1,3,0,2,6.53,241.2,0.333333333,1,0.333333333,0,0,0.444444445,5.854,3.945
3,5,7,1,3,0,4,1,3,1,4,6,1,5,4,0.01,0,4,4,1,1,3,3,4,2224,2,0,0,0,0,0,4,4,0,0,0,0,0,0,1,6,0,0,4,5,2,1,2,1,2,1,1,1,1,1,1,1,3,4,2,2,2,2,2,2,2,0,3,3,4,2,0,0,0,0,0,1,1,0,0,3,3,1,3,2,2,4,1,4,3,1,4,1,7,0,0,6.25,181.8,0,0.666666667,0,0,0,0.370370371,5.77,5.974
3,5,7,1,3,0,4,4,3,5,4,6,5,5,4,0.47,0,4,4,3,1,3,2,4,1890,0,0,0,0,0,0,2,2,0,1,0,1,0,1,4,3,1,170,4,3,1,1,1,1,1,5,2,2,1,1,1,1,4,4,2,2,3,2,4,3,5,1,4,2,4,2,1,0,1,2,0,1,1,5,0,1,3,1,5,0,0,5,1,4,1,0,6,1,7,0,1,4.17,122.4,0,0.333333333,0,0,0,0.296296296,5.733,3.291
4,5,7,2,3,0,4,5,3,2,4,4,6,5,4,0.77,0,4,4,3,1,3,3,4,1512,0,0,0,0,0,0,4,2,0,0,0,0,0,1,1,5,0,192,4,5,2,1,2,1,1,5,1,1,1,1,1,1,3,3,3,2,1,2,2,2,5,1,6,3,4,1,1,0,0,0,0,5,0,0,1,3,3,1,4,1,2,5,2,4,3,2,1,1,7,0,0,6.31,63,0,0,0.666666667,0,0,0.222222222,0,0
4,5,7,2,2,1,4,4,3,5,6,4,5,2,2,0.279,0,4,4,1,1,3,2,2,2073,0,0,0,0,0,0,4,4,3,0,0,0,2,0,0,5,0,64,4,4,1,3,1,1,2,1,2,1,1,1,1,3,2,2,4,2,4,2,3,3,4,1,4,2,4,3,1,0,1,3,1,1,1,3,0,1,3,2,4,2,2,5,6,4,1,0,6,1,7,0,2,5.745,78.4,0,1,0.666666667,0,0,0.148148148,5.865,5.07
4,5,7,1,3,0,4,5,3,1,3,5,5,5,4,0.48,0,4,4,2,1,3,3,2,1854,2,0,0,0,0,0,2,4,3,0,1,0,1,0,2,5,1,80,4,4,2,2,1,1,1,2,2,1,2,2,1,2,4,4,2,2,2,2,2,1,2,1,5,3,4,3,1,0,0,2,1,1,1,2,0,1,3,1,5,0,0,5,1,4,3,1,5,1,7,0,1,5.18,93.8,0,1,0,0,0,0.074074074,5.622,3.714
4,5,6,4,2,2,3,4,3,4,6,0,6,2,2,0.016,0,4,4,1,3,2,2,2,2062,2,0,0,0.5,0,0,4,4,0,0,0,0,2,0,2,5,1,64,3,4,3,4,1,1,3,1,2,1,5,1,1,3,3,2,4,1,4,1,2,2,3,1,3,3,4,1,0,0,0,2,1,1,2,3,0,1,3,2,5,0,0,5,1,4,3,1,6,1,7,0,2,5.46,109.2,0,1,0.333333333,0,0,0,5.71,6.506
4,5,6,4,3,0,3,2,2,5,1,2,2,4,1,0.03,0,4,4,2,1,3,2,4,2082,2,0,3,1,0,0,4,4,3,0,0,0,0,0,1,1,2,0,2,3,1,2,1,2,1,1,2,1,1,1,1,1,2,2,4,4,2,2,2,2,5,1,4,3,3,2,1,0,0,1,1,1,2,0,0,1,3,1,5,0,0,5,1,4,1,2,5,1,7,0,2,5.74,124.6,1,1,0.666666667,0,0,0,5.635,6.031
2,4,7,4,3,0,4,3,3,5,7,5,6,5,2,0.09,1,4,4,1,1,3,3,4,1516,2,0,0,1,0,0,4,4,3,0,0,0,0,0,2,5,1,72,4,4,2,4,1,1,2,1,1,1,1,1,1,1,3,2,4,1,5,2,2,1,4,1,3,4,3,1,1,0,0,2,1,1,1,3,0,1,3,1,4,2,2,4,1,4,1,0,6,1,7,0,1,6.02,140,0,1,0,0,0,0,6.806,4.741
3,5,7,1,3,0,4,5,3,5,7,4,6,5,4,0.08,0,4,4,2,1,3,2,4,1523,0,0,0,1,0,0,2,2,0,1,0,0,0,0,3,4,1,40,4,4,1,2,1,1,2,3,2,2,1,2,1,1,3,3,4,2,3,2,2,2,5,1,4,3,3,2,1,0,1,2,0,1,1,5,0,1,2,1,5,0,0,5,1,4,1,0,5,1,4,0,1,5.89,98,0,0,0,0,0,0,6.177,3.93
3,5,5,4,3,0,4,4,3,1,7,4,5,0,4,0.16,0,4,4,1,1,3,3,3,1865,2,0,0,1,0,0,1,4,2,0,0,0,0,0,2,4,1,64,4,4,1,1,1,1,2,2,2,2,2,1,2,2,5,4,3,1,3,2,2,2,4,1,5,5,3,2,1,0,0,1,1,1,1,2,0,1,3,1,4,1,2,4,1,4,3,2,5,1,7,0,2,4.18,384,0.5,0,0,0,0,0,5.503,5.017
4,6,6,1,3,0,4,4,3,1,7,5,1,3,4,0.01,0,4,4,2,2,2,1,4,1933,0,0,0,0,0,0,2,4,3,0,0,0,1,0,1,6,2,64,4,5,2,4,1,1,2,1,2,2,3,2,3,2,4,2,4,1,3,2,2,3,5,1,4,4,3,2,1,1,1,2,1,1,1,3,0,1,3,1,4,1,2,5,2,4,3,2,6,1,7,0,2,7.22,670,1,0,0,0,0,0,6.993,4.352
5,5,6,6,3,2,4,1,1,3,4,1,3,2,1,0.005,0,4,4,2,2,3,2,3,2024,2,0,0,0,0,0,3,3,3,0,4,0,2,0,1,1,2,85,4,1,0,0,0,2,2,1,2,2,4,1,2,2,1,3,2,4,5,4,2,2,3,1,3,5,3,1,1,0,0,2,1,4,0,0,0,1,3,2,4,2,3,2,6,4,1,1,6,1,7,0,2,6.785,457.5,1,0.333333333,0.333333333,0,0,0,0.763,0
2,5,7,1,3,0,4,5,3,5,7,6,4,5,4,0.4,0,4,4,2,1,3,1,4,1916,0,0,0,0,0,0,2,4,0,1,0,1,0,1,1,5,0,128,4,4,2,4,1,1,2,1,1,1,2,2,2,2,1,3,4,2,3,2,2,2,5,1,3,2,2,1,1,1,1,0,0,5,0,0,1,3,3,1,5,0,0,5,2,4,1,0,6,1,7,0,1,6.35,245,1,0.666666667,0,0,0,0,0,0
1,5,6,3,1,0,4,5,3,6,7,3,3,1,2,0.03,0,4,4,1,1,3,2,6,2026,2,0,0,0,0,0,2,2,4,1,0,2,0,2,0,5,1,128,4,4,3,1,1,1,2,4,1,1,3,2,2,3,3,3,2,5,1,1,1,1,1,0,0,5,2,1,0,0,0,0,0,1,2,3,0,2,3,1,5,0,0,5,1,4,1,1,6,1,7,0,0,5.825,204.2,0.5,1,0.333333333,0,0,0,5.907,6.447
1,5,6,7,2,1,3,4,2,5,5,6,3,3,3,0.1345,0,4,4,1,1,3,2,4,2009,0,0,0,0,0,0,4,4,3,1,1,1,2,0,2,3,2,76,4,4,2,2,2,1,2,1,2,2,2,2,3,2,2,3,3,2,2,2,3,3,5,1,5,3,2,3,1,0,1,0,1,2,1,2,0,1,3,1,5,0,0,5,1,4,1,1,1,1,7,0,1,5.3,163.4,0,0.875,0,0,0,0,3.414,3.032
2,4,5,7,2,0,3,4,3,5,2,2,3,1,2,0.07,0,4,4,3,0,2,1,4,2188,2,0,0,0,0,0,3,3,4,1,2,0,5,0,2,2,2,80,3,2,1,1,1,1,5,2,1,2,3,1,3,3,1,4,2,2,2,2,1,1,5,1,5,5,2,3,0,0,0,0,1,1,2,3,0,2,3,1,3,2,2,5,1,4,1,1,5,1,7,0,2,6.37,122.6,0,0.75,0.5,0,0,0,4.33,5.85
5,5,5,2,3,0,3,4,2,5,6,2,1,5,4,0.03,0,4,4,2,1,3,1,4,1893,2,0,1,0,0,0,4,4,0,0,0,0,2,1,2,4,1,64,1,4,1,3,1,3,2,1,1,1,1,1,1,1,2,2,4,3,4,2,2,2,4,1,4,2,2,2,1,0,0,2,1,1,1,2,0,1,1,2,5,0,0,5,1,4,2,2,5,1,7,0,1,6.22,81.8,0,0.625,0.5,0,0,0,4.733,5.352
4,5,7,1,3,0,4,5,3,4,3,4,6,4,4,0.51,0,4,4,2,1,3,3,3,1624,2,0,0,0,0,0,2,2,4,0,0,0,0,0,4,2,1,0,4,3,1,2,2,1,2,4,2,2,3,1,1,1,3,2,3,2,2,2,3,2,5,1,3,1,1,2,1,0,0,2,0,2,1,4,0,1,3,1,5,0,0,5,1,3,1,0,6,1,7,0,2,6.07,41,0,0.5,0,0,0,0,3.268,2.14
4,5,7,1,3,0,4,3,1,5,4,2,3,3,4,0.56,0,4,4,1,3,3,2,3,2254,0,0,0,0,0,0,0,4,3,0,0,0,0,1,2,5,2,0,3,4,1,3,1,1,2,1,2,1,1,1,1,1,2,1,4,2,4,2,3,2,4,1,4,4,1,3,1,0,1,1,1,1,1,3,0,1,3,1,4,2,2,5,1,4,3,0,6,1,7,0,2,5.495,58.75,1,0.375,0.333333333,0,0,0,5.993,4.864
4,5,4,6,0,0,2,4,3,4,6,3,3,2,2,0.25,0,4,4,2,3,3,3,6,2141,0,0,0,0,0,0,3,2,4,0,0,3,0,3,2,3,3,224,2,4,3,3,1,1,2,4,2,2,1,2,3,3,3,1,4,2,1,1,2,2,5,1,5,3,1,1,1,0,0,1,0,1,2,0,0,3,3,1,3,2,1,5,1,4,3,1,6,1,7,0,0,4.92,76.5,0,0.25,0.666666667,0,0,0,5.497,3.637
4,5,7,1,1,1,4,4,3,4,4,4,3,4,1,0.005,0,4,4,1,1,3,3,4,2109,2,0,0,0.25,0,0,4,3,4,0,1,0,4,0,2,3,1,80,3,3,1,2,1,1,5,2,2,2,4,1,2,3,2,3,4,2,5,2,2,3,1,0,0,0,0,0,0,0,0,0,1,1,2,5,0,1,3,2,5,0,0,4,6,4,1,0,6,1,7,0,2,4.345,94.25,0,0.125,0,0,0,0,5.815,5.143
2,5,7,1,3,0,5,5,3,4,6,4,6,5,4,0.8,0,4,4,3,1,3,0,3,1363,0,0,0,0.5,0,0,2,1,3,1,0,2,0,2,2,3,3,192,2,3,1,1,1,1,1,5,1,2,1,1,1,1,3,2,1,4,5,2,1,1,5,0,0,0,0,0,0,0,0,0,0,4,0,0,1,3,3,1,5,0,0,5,1,4,1,0,6,1,7,0,0,3.77,112,0,0,0,0,0,0,0.863,0
4,4,4,7,2,3,4,2,2,5,3,6,4,1,3,0.37,0,4,4,3,2,2,1,4,2122,2,0,0,0.75,0,0,3,3,4,2,1,1,5,0,2,2,1,88,3,3,2,2,1,1,1,1,2,2,2,1,2,2,2,2,2,5,4,3,2,2,1,0,0,0,0,0,0,0,0,0,1,1,2,4,0,1,3,1,5,0,0,5,1,4,1,1,6,1,7,0,2,6.67,108.3076923,0,0.0625,0.5,0,0,0,6.583,4.636
5,6,6,6,3,0,4,4,3,5,3,3,3,5,4,0.26,0,4,4,2,1,3,3,6,2314,0,0,2,1,0,0,4,1,0,0,0,1,0,2,2,2,2,0,4,5,0,0,0,1,1,4,1,1,1,1,1,1,3,1,2,5,1,1,3,1,5,0,0,0,0,0,0,0,0,0,0,5,0,0,0,3,3,1,5,0,0,5,1,4,1,1,6,1,7,0,0,6.518333333,104.6153846,0,0.125,0.333333333,0,0,0,0,0
3,4,5,4,0,0,3,3,3,4,3,4,3,5,4,0.2,0,4,4,2,1,3,3,6,2082,0,0,2,0,0,0,4,1,0,2,0,2,2,0,3,1,2,160,1,1,0,0,0,1,1,5,1,2,1,1,1,3,3,1,1,6,0,0,0,0,0,0,0,0,0,0,0,0,0,0,0,5,0,0,1,3,3,1,4,1,3,5,1,4,1,1,6,1,7,0,0,6.366666667,100.9230769,0,0.1875,0.5,0,0,0,0,0
4,5,6,1,0,0,3,4,3,5,6,3,3,5,1,0.25,0,4,4,2,2,3,2,6,2141,0,0,2,0,0,0,4,3,4,2,0,4,1,3,2,1,3,232,1,2,2,2,2,1,2,4,3,2,1,1,1,3,4,2,2,4,5,1,1,1,5,1,2,0,0,0,0,0,0,1,0,2,2,5,0,3,3,1,2,2,2,2,1,4,1,1,6,1,1,0,1,6.215,97.23076923,0,0.25,0,0,0,0,3.49,3.389
1,6,7,1,3,0,4,4,3,5,7,0,3,5,4,0.38,1,4,4,1,2,3,3,6,2039,0,0,1,0,0,0,2,1,3,0,0,2,1,3,3,1,1,128,3,2,0,0,0,1,2,4,1,1,1,1,1,3,3,1,1,6,0,0,0,0,0,0,0,0,0,0,0,0,0,0,0,5,0,0,1,3,3,1,5,0,0,5,1,4,1,1,6,1,0,0,0,6.063333333,93.53846154,0,0.3125,0,0,0,0,0,0
2,6,6,1,3,0,3,3,3,5,7,5,6,4,4,0.42,0,4,4,2,1,3,1,4,1677,2,0,1,0,0,0,4,4,3,0,0,1,1,1,2,4,1,0,3,4,1,3,1,1,2,4,1,2,1,1,1,2,3,1,2,3,4,2,2,1,2,0,0,0,0,0,0,0,0,0,1,1,1,2,0,2,3,1,5,0,0,5,1,4,1,1,6,1,7,0,0,5.911666667,89.84615385,0,0.375,0.5,0,0,0,6.176,4.562
2,4,5,4,0,0,4,2,2,4,6,4,2,5,4,0.04,0,4,4,2,1,3,3,3,1950,0,0,1,0,0,0,4,3,0,4,0,2,0,1,0,3,0,168,1,2,1,1,2,1,1,4,1,2,2,1,1,3,3,2,1,5,5,1,1,2,4,0,0,0,0,0,0,0,0,0,0,1,1,5,0,3,1,1,4,2,2,5,1,4,1,0,5,1,7,0,0,5.76,86.15384615,0,0.4375,0.5,0,0,0,5.333,3.375
2,2,5,6,0,0,4,3,2,3,4,6,2,5,4,0.13,0,4,4,2,1,3,3,6,1903,0,0,1,1,1,0,3,1,3,0,0,1,0,3,4,1,3,160,1,1,0,0,0,1,2,3,1,1,1,1,1,1,3,2,1,6,0,0,0,0,0,0,0,0,0,0,0,0,0,0,0,5,0,0,1,3,3,1,5,0,0,5,1,4,1,1,6,1,7,0,0,5.608333333,82.46153846,0,0.5,0,0,0,0,0,0
3,5,5,6,3,0,4,3,2,4,4,4,2,5,4,0.096,0,4,4,1,1,3,3,6,2092,0,1,1,0,0.5,0,2,1,3,0,0,0,1,2,3,3,3,192,3,2,2,1,1,1,1,5,1,1,1,1,1,1,3,1,1,6,0,0,0,0,0,0,0,0,0,0,0,0,0,0,0,5,0,0,1,3,3,1,5,0,0,5,1,4,1,1,6,1,7,0,0,5.456666667,78.76923077,0,0.5625,0,0,0,0,0,0
4,5,7,1,0,0,5,3,2,4,3,3,3,5,4,0.14,0,4,4,2,1,3,1,6,2236,0,0,1,0,0,0,4,3,0,3,2,2,2,2,2,2,2,186,2,2,2,1,1,1,1,3,3,2,1,1,1,2,3,2,2,4,4,1,1,2,3,0,0,0,0,0,0,0,0,0,0,1,2,1,0,2,1,1,5,0,0,5,1,4,1,0,5,1,7,0,0,5.305,75.07692308,0,0.625,0,0,0,0,5.278,4.135
4,5,6,6,3,0,5,1,1,4,5,5,2,5,4,0.22,0,4,4,1,1,3,3,6,2192,0,1,1,0,0,0,4,1,3,0,0,0,0,2,3,3,3,192,3,2,2,1,1,1,1,5,1,1,1,1,1,1,3,1,1,6,0,0,0,0,0,0,0,0,0,0,0,0,0,0,0,5,0,0,1,3,3,1,5,0,0,5,1,4,1,1,6,1,7,0,0,5.153333333,71.38461538,0,0.6875,0,0,0,0,0,0
5,5,7,1,0,0,5,4,3,3,3,2,3,5,2,0.54,0,4,4,1,1,3,3,3,2272,0,0,1,0.5,0,0,2,3,0,3,2,2,2,2,1,2,2,232,1,2,2,1,2,1,2,4,3,1,1,2,1,3,1,1,1,6,0,0,0,0,0,0,0,0,0,0,0,0,0,0,0,2,2,3,1,2,1,1,4,2,3,5,1,4,1,1,6,1,7,0,0,5.001666667,67.69230769,0,0.75,0.333333333,0,0,0,2.708,2.177
1,6,7,1,3,0,4,4,3,5,7,6,6,4,4,0.45,0,4,4,4,1,3,3,4,1358,0,0,0,1,0,0,1,1,3,1,0,2,0,2,2,4,1,128,3,4,2,1,1,1,1,5,1,2,1,1,1,1,3,2,1,5,1,1,1,1,5,0,0,0,0,0,0,0,0,0,0,5,0,0,1,3,3,1,5,0,0,5,1,4,1,1,6,1,7,0,1,4.85,64,0,0.8125,0,0,0,0,0,0
1,5,6,7,3,0,3,4,2,5,7,5,4,5,4,0.24,0,4,4,2,1,3,3,4,1955,2,0,0,0,0,0,1,3,0,2,0,2,2,1,3,2,1,224,1,2,1,1,1,1,2,4,2,2,1,1,1,2,3,2,3,4,2,2,3,2,2,0,0,0,0,0,0,0,0,0,0,1,2,1,0,1,1,1,5,0,0,5,1,4,3,0,6,1,7,0,2,5.21,63.25,0,0.875,0,0,0,0,5.111,4.166
3,3,1,7,2,3,4,4,3,5,5,6,5,1,2,0.82,0,4,4,4,1,3,1,6,2183,2,0,0,0,0,0,2,1,3,1,0,2,0,3,2,2,1,160,2,1,0,0,0,1,1,5,1,1,1,1,1,1,3,1,1,6,0,0,0,0,0,0,0,0,0,0,0,0,0,0,0,5,0,0,0,3,3,1,5,0,0,1,1,4,1,1,6,1,7,0,1,5.57,62.5,0,0.9375,0,0,0,0,0,0
1,5,7,2,2,1,4,4,3,5,7,5,5,1,3,0.308,0,4,4,2,1,3,1,4,2079,2,0,0,0,0,0,4,2,0,2,0,4,0,2,3,1,2,224,3,1,0,0,0,1,1,4,3,2,1,1,1,3,3,2,3,4,5,1,2,3,4,0,0,0,0,0,0,0,0,0,1,1,1,4,0,3,3,2,5,0,0,5,6,4,1,0,6,1,7,0,0,5.94,61.75,0,1,0.666666667,0,0,0,6.398,5.155
4,5,7,1,3,0,5,5,3,4,4,3,6,5,4,0.71,0,4,4,1,1,3,1,4,1523,0,0,0,0,0,0,2,4,3,1,1,1,2,0,2,4,1,64,3,4,2,1,2,1,2,2,3,2,2,1,1,1,4,4,2,2,2,2,2,2,2,0,0,0,0,0,0,0,0,0,1,2,1,3,0,2,3,1,5,0,0,5,1,4,1,1,6,1,7,0,1,6.31,61,0,0.833333333,0,0,0,0,3.166,1.894
4,5,7,1,3,2,4,2,2,5,3,4,5,2,2,0.5,0,4,4,2,2,3,2,2,2221,0,0,0,0,0,0,4,2,3,2,2,0,4,0,2,1,1,112,3,2,1,2,1,1,5,4,1,1,2,1,2,3,4,3,4,2,5,1,1,2,3,0,0,0,0,0,0,0,0,0,0,1,2,5,0,3,3,2,4,2,2,5,6,4,1,0,6,1,7,0,0,5.36,68.25,0,0.666666667,0.5,0,0,0,6.046,4.438
1,5,7,1,3,0,4,1,2,5,7,6,4,2,4,0.83,0,4,4,3,1,3,3,4,2043,0,0,0,0,0,0,4,2,0,2,1,2,2,2,3,2,3,224,1,2,2,1,2,1,3,5,1,2,1,1,1,2,4,3,3,2,4,2,2,2,3,0,0,0,0,0,0,0,0,0,0,2,2,5,1,3,3,1,5,0,0,5,1,4,1,0,6,1,7,0,1,4.41,75.5,0,0.5,0,0,0,0,3.785,0.946
3,5,7,1,3,0,4,5,3,4,3,5,5,5,4,0.42,0,4,4,3,1,3,3,4,1854,2,0,0,0,0,0,2,3,0,1,1,2,2,2,2,2,3,192,3,2,2,1,2,1,3,4,3,2,1,2,1,3,3,3,2,4,5,2,2,1,5,0,0,0,0,0,0,0,0,0,0,4,0,0,1,3,3,1,5,0,0,5,1,4,1,0,6,1,7,0,0,4.52,82.75,0,0.333333333,0,0,0,0,0.759,0
1,4,5,6,3,0,3,1,2,5,7,6,3,5,4,0.3,0,0,2,3,2,3,3,4,2283,0,0,0,0,0,0,4,1,0,1,0,1,0,2,3,3,3,128,3,2,4,2,1,1,1,5,1,2,1,1,1,1,3,2,1,5,1,1,0,1,1,0,0,5,0,0,0,0,0,0,0,5,0,0,1,3,3,1,4,2,1,4,1,4,1,1,5,1,7,0,0,4.43,90,0,0.166666667,0,0,0,0,0,0
1,4,7,1,0,0,3,5,3,1,7,5,6,4,4,0.52,0,0,0,3,1,3,3,4,1339,2,0,0,0,0,0,2,3,4,5,2,1,1,0,0,0,3,127,4,1,0,0,0,1,2,3,3,2,3,2,1,3,4,3,1,3,5,1,1,1,5,0,0,0,0,0,0,0,0,0,0,4,0,0,1,2,2,1,5,0,0,5,1,4,1,1,6,1,7,0,1,6.49,134,0,0,0,0,0,0,0.861,0
2,2,2,6,2,2,4,2,2,4,7,4,3,1,4,0.146,0,0,1,1,2,3,3,6,2139,2,0,0,0,0,0,3,1,0,1,0,3,0,4,0,5,2,128,3,1,0,0,0,1,1,4,1,1,1,1,1,3,3,1,1,6,0,0,0,0,0,0,0,0,0,0,0,0,0,0,0,4,0,0,1,3,3,1,4,1,2,2,1,4,3,1,5,1,7,0,1,6.7205,142.4,0,0,0,0,0,0,0.729,0
3,4,7,1,0,0,5,1,1,1,4,6,5,5,4,0.3,0,0,0,1,1,2,1,4,1608,2,0,0,0,0,0,4,3,0,6,1,1,0,0,0,0,1,42,4,1,0,0,0,1,1,4,3,2,1,1,1,2,4,2,2,5,5,2,0,1,1,0,0,0,0,0,0,0,0,0,1,1,1,4,0,3,1,2,4,1,3,5,1,4,3,2,4,1,1,0,0,6.951,150.8,0,0,0,0,0,0,5.556,5.493
3,6,7,1,3,0,5,5,3,5,3,5,6,5,4,0.01,0,4,4,2,1,3,2,4,1426,2,0,0,0,0,0,2,4,3,0,0,0,0,0,3,4,3,168,4,4,3,1,2,1,2,2,2,2,2,2,1,2,4,3,3,2,3,2,2,2,5,0,0,0,0,0,0,0,0,0,0,2,1,3,0,1,3,1,5,0,0,5,1,4,1,1,6,1,7,0,0,6.02,159.2,0,0,0,0,0,0,3.281,3.346
1,5,7,2,1,1,5,4,3,6,7,5,5,3,2,0.04,0,4,4,2,1,2,2,5,1799,2,0,0,0,0,0,4,3,0,1,1,0,4,0,2,2,1,112,4,1,0,0,0,1,5,3,1,1,2,1,1,2,4,2,3,4,5,1,2,2,1,0,0,0,0,0,0,0,0,0,1,1,2,4,0,3,3,2,5,0,0,4,1,4,1,1,6,1,7,0,1,6.47,167.6,0,0,0,0,0,0,5.944,5.712
1,5,7,2,3,0,4,2,2,3,7,4,6,5,4,0.57,1,4,4,2,2,2,3,5,1329,2,0,0,0,0,0,4,4,3,0,0,0,2,0,2,5,1,232,3,4,3,3,2,1,2,1,1,1,2,1,1,2,3,4,2,1,3,2,2,1,1,0,0,0,0,0,0,0,0,0,0,1,1,2,0,2,2,2,3,1,3,4,1,4,1,1,4,1,7,0,0,6.92,176,0,0,0.333333333,0,0,0,7.102,3.735
1,5,7,1,3,0,5,5,3,2,6,5,6,5,4,0.6,0,4,4,1,1,3,3,4,1418,0,0,0,0,0,0,2,4,3,1,0,1,0,1,2,4,1,232,3,4,2,2,2,1,2,3,3,2,1,1,1,2,3,4,2,1,2,2,2,1,1,0,0,0,0,0,0,0,0,0,1,1,2,2,0,2,3,1,5,0,0,5,1,4,1,1,6,1,7,0,1,6.17,33,0,0.111111111,0,0,0,0,5.778,2.122
1,5,7,4,3,1,4,4,3,5,7,4,6,2,4,0.0787,0,4,4,1,2,3,3,6,1670,2,0,0,0,0,0,4,2,0,2,0,4,0,0,3,2,2,224,2,2,1,1,1,1,1,5,1,1,1,1,1,3,3,1,1,6,0,0,0,0,0,0,0,0,0,0,0,0,0,0,0,4,0,0,1,3,3,2,5,0,0,4,6,4,1,1,6,1,7,0,0,4.9,45.5,0,0.222222222,0,0,0,0,0.764,0
1,5,7,1,3,0,4,5,3,5,7,5,6,1,4,0.58,0,4,4,4,1,3,3,4,1551,0,0,0,0,0,0,1,1,3,2,0,3,0,3,1,2,1,160,1,2,2,1,1,1,1,5,1,2,1,1,0,2,3,2,1,5,2,1,1,1,5,0,0,0,0,0,0,0,0,0,0,4,0,0,1,3,3,1,5,0,0,5,1,4,1,1,6,1,7,0,1,3.63,58,0,0.333333333,0,0,0,0,0.729,0
1,6,7,1,3,0,4,5,3,5,7,5,6,1,4,0.58,0,4,4,3,1,3,3,4,1551,0,0,0,0,0,0,2,1,3,1,0,1,0,3,0,3,2,128,4,3,1,1,1,1,1,5,1,1,1,1,1,2,3,2,1,5,1,1,1,1,5,0,0,0,0,0,0,0,0,0,0,5,0,0,1,3,3,1,5,0,0,5,1,4,1,1,6,1,7,0,1,3.53,51,0,0.444444444,0,0,0,0,0,0
1,1,6,4,3,1,5,4,3,5,7,5,2,1,2,0.1,0,4,4,3,1,3,1,6,1945,2,0,0,0,0,0,4,3,0,0,0,5,0,2,1,1,1,232,3,1,0,0,0,1,2,4,1,2,4,1,1,2,3,1,2,5,5,1,1,1,4,0,0,0,0,0,0,0,0,0,0,2,2,4,0,3,3,1,4,2,1,5,1,4,1,1,6,1,1,0,1,3.89,88.75,0,0.555555556,0,0,0,0,3.779,3.243
1,4,5,6,3,0,3,1,1,4,7,5,1,5,4,0.03,0,4,4,3,3,3,1,6,2181,0,1,0,0,0,0,4,1,0,0,0,2,0,2,4,2,2,160,1,2,1,1,1,1,1,4,1,1,1,1,1,3,3,1,1,6,0,0,0,0,0,0,0,0,0,0,0,0,0,0,0,5,0,0,1,3,3,1,5,0,0,5,1,4,1,0,5,1,7,0,0,4.25,126.5,0,0.666666667,0.333333333,0,0,0,0,0
1,5,7,1,3,1,5,4,3,5,7,4,2,2,2,0.061,0,4,4,3,0,3,3,6,2038,2,1,0,0,0,0,3,1,0,3,0,2,0,2,3,0,3,224,2,1,0,0,0,1,1,4,2,2,1,1,1,2,4,1,2,6,0,0,0,0,0,0,0,0,0,0,0,0,0,0,0,5,0,0,1,3,3,1,5,0,0,4,1,4,1,1,6,1,7,0,1,4.61,164.25,0,0.777777778,0,0,0,0,0,0
1,5,6,2,3,1,4,3,3,3,7,4,6,2,2,0.469,0,4,4,3,1,2,2,5,2083,2,0,0,0,0,0,4,3,0,0,0,0,5,0,1,0,0,64,3,1,0,0,0,1,5,1,1,2,4,1,1,3,3,3,4,2,5,1,1,1,3,0,0,0,0,0,0,0,0,0,0,1,1,4,0,3,3,2,5,0,0,5,1,4,1,1,6,1,7,0,0,4.97,202,0,0.888888889,0.333333333,0,0,0,5.574,4.929
1,5,7,1,3,1,4,5,3,5,7,5,6,1,2,0.907,0,4,4,2,1,3,2,5,1669,1,0,0,0,0,0,2,2,3,3,0,1,0,0,4,0,3,232,1,1,0,0,0,1,1,4,1,1,2,1,1,3,3,1,2,5,5,1,1,2,1,0,0,0,0,0,0,0,0,0,1,1,2,4,0,3,3,2,5,0,0,5,1,4,1,1,6,1,7,0,1,5.33,239.75,0,1,0,0,0,0,6.75,4.334
1,5,6,4,1,0,4,5,3,6,7,3,6,1,2,0.03,0,4,4,1,1,3,2,6,2026,2,0,0,0,0,0,2,1,0,1,0,2,1,2,4,1,1,232,3,1,0,0,0,1,1,4,3,2,1,1,1,3,3,1,2,5,5,1,1,1,5,1,1,0,0,0,0,0,0,2,0,5,0,0,1,3,3,1,5,0,0,5,1,4,1,1,6,1,7,0,1,5.69,277.5,0,1,0,0,0,0,0,0
1,5,7,4,2,2,4,5,3,5,6,6,6,1,2,0.47,0,4,4,1,1,3,2,6,2008,2,0,0,0,0,0,4,2,0,0,0,3,0,1,4,1,2,232,3,1,0,0,0,1,1,5,3,1,1,1,1,3,3,1,3,3,5,1,1,1,5,1,1,0,0,0,0,0,0,2,0,2,2,4,0,3,3,1,5,0,0,5,1,4,1,1,6,1,7,0,1,6.05,315.25,0,1,0,0,0,0,3.938,3.624
1,4,7,1,0,0,3,2,2,4,7,6,5,4,4,0.26,0,4,4,1,1,2,3,4,2003,1,0,0,0,0,0,1,3,0,1,1,0,5,0,1,0,1,76,4,1,0,0,0,1,5,1,3,2,2,3,1,2,1,4,2,2,5,2,2,1,5,0,0,0,0,0,0,0,0,0,1,1,2,4,0,1,3,1,5,0,0,5,1,4,1,2,6,1,7,0,2,6.41,353,0,1,0,0,0,0,6.593,4.665
1,5,6,2,0,0,3,3,2,2,7,6,1,5,4,0.01,0,4,4,2,2,3,3,4,2194,2,0,0,0,0,0,4,3,0,1,1,1,4,1,1,1,1,64,3,1,0,0,0,1,5,4,2,2,3,2,2,3,3,4,3,2,5,2,2,2,4,0,0,0,0,0,0,0,0,0,1,1,2,5,0,2,3,1,5,0,0,5,1,4,1,0,6,1,7,0,0,5.02,230,0,1,0,0,0.023148148,0,6.556,4.752
1,5,7,4,2,1,4,4,3,4,7,6,6,1,2,0.0202,0,4,4,3,1,3,2,4,1883,2,0,0,0,0,0,4,3,0,2,2,0,3,0,2,0,2,240,2,1,0,0,0,1,4,2,1,2,3,2,1,3,2,4,2,3,5,3,2,2,1,0,0,0,0,0,0,0,0,0,0,1,2,4,0,3,3,2,5,0,0,5,1,4,1,1,6,1,7,0,1,5.255,230,0,1,0,0,0.046296296,0,4.611,5.355
1,5,7,4,0,0,4,4,3,4,7,4,5,5,4,0.86,0,4,4,3,1,3,2,4,1911,0,0,0,0,0,0,4,3,0,4,2,2,2,1,1,1,3,254,3,1,0,0,0,1,3,3,3,2,2,2,1,3,2,3,1,4,1,1,1,1,5,0,0,0,0,0,0,0,0,0,0,5,0,0,1,3,3,1,5,0,0,5,1,4,1,1,6,1,7,0,1,5.49,230,0,1,0,0,0.069444445,0,0,0
1,4,6,4,0,0,3,1,2,1,7,0,6,5,4,0.1,0,4,4,3,1,2,3,4,2217,0,0,0,0,0,0,2,3,0,3,2,2,3,1,1,1,3,124,3,1,0,0,0,1,3,4,3,2,2,2,1,3,3,4,2,2,5,1,1,1,5,0,0,0,0,0,0,0,0,0,0,5,0,0,1,3,3,1,4,1,2,5,1,4,1,0,6,1,7,0,0,6.43,780,0,1,0.333333333,0,0.092592593,0,0,0
1,4,6,6,0,3,4,5,3,5,1,6,6,1,2,0.29,0,4,4,2,1,2,3,6,1735,2,0,0,0,0,0,2,2,4,0,0,0,2,0,4,3,1,64,3,1,0,0,0,1,1,4,2,2,1,1,1,2,2,2,2,6,0,0,0,0,0,0,0,0,0,0,0,0,0,0,0,2,2,1,1,3,3,1,5,0,0,5,1,4,3,1,6,1,7,0,1,5.53,471.5,0,1,0,0,0.115740741,0,3.264,2.411
1,5,6,6,2,2,4,5,3,5,4,5,5,3,4,0.111,0,4,4,1,1,3,2,4,1864,2,0,0,0,0,0,2,2,3,1,0,0,0,0,2,5,2,64,3,4,2,1,1,1,2,4,3,2,1,1,1,1,4,3,2,3,1,2,1,0,5,0,0,0,0,0,0,0,0,0,0,4,0,0,1,3,3,1,4,1,2,5,2,4,3,1,3,1,7,0,0,4.63,163,0,1,0.5,0,0.138888889,0,0.771,0
1,1,3,7,2,1,4,5,3,5,7,4,5,1,4,0.378,1,4,4,4,1,3,3,6,2175,0,0,0,0.058823529,0,0,3,1,3,1,0,2,0,3,0,2,3,160,3,2,1,1,1,1,1,5,1,2,1,2,1,1,3,1,1,6,0,0,0,0,0,0,0,0,0,0,0,0,0,0,0,5,0,0,1,3,3,1,5,0,0,5,1,4,1,1,6,1,7,0,1,4.47,186.5,0,1,0,0,0.162037037,0,0,0
1,5,7,1,3,0,4,4,3,6,7,5,5,5,4,0.76,0,4,4,3,1,3,3,4,1973,0,0,0,0.117647059,0,0,2,1,3,0,0,1,0,2,4,2,3,128,4,2,2,1,1,1,1,5,1,1,1,1,1,1,3,3,1,4,4,1,1,1,5,0,1,0,0,0,0,0,0,0,0,5,0,0,1,3,3,1,5,0,0,5,1,4,1,1,6,1,7,0,1,3.7,210,0,1,0,0,0.185185185,0,0,0
1,5,7,1,3,0,4,5,3,6,7,5,3,4,4,0.36,0,4,4,3,1,3,3,4,2166,0,0,0,0.176470588,0,0,4,1,3,1,0,2,2,3,3,3,3,168,1,2,3,1,2,1,2,5,1,2,1,1,1,1,3,1,1,6,0,0,0,0,0,0,0,0,0,0,0,0,0,0,0,4,0,0,1,3,3,1,5,0,0,5,1,4,1,1,6,1,7,0,1,4.03,208.3333333,0,1,0,0,0.208333334,0,0.694,0
1,6,7,1,3,0,4,4,3,5,7,6,3,2,4,0.47,0,4,4,4,1,3,3,4,2079,0,0,0,0.235294118,0,0,4,1,3,1,0,1,0,2,2,3,3,192,4,3,2,1,2,1,1,5,1,1,1,1,1,1,3,2,1,5,1,1,1,1,5,0,0,0,0,0,0,0,0,0,0,5,0,0,1,3,3,1,5,0,0,5,1,4,1,1,6,1,7,0,1,4.238571429,206.6666667,0,1,0,0,0.231481482,0,0,0
1,4,6,4,3,1,3,4,3,4,7,4,3,2,1,0.634,0,4,4,1,2,3,3,6,2032,0,0,0,0.294117647,0,0,4,3,0,3,0,4,0,0,2,0,1,224,3,1,0,0,0,1,1,5,3,2,1,1,1,3,3,1,1,6,0,0,0,0,0,0,0,0,0,0,0,0,0,0,0,5,0,0,1,3,3,2,5,0,0,5,6,4,1,1,6,1,7,0,0,4.447142857,205,0,1,0,0,0.25462963,0,0,0
1,5,7,2,2,1,4,2,3,5,7,4,5,2,1,0.2115,0,4,4,1,3,3,2,1,1888,2,0,0,0.352941176,0,0,4,2,0,1,0,3,0,2,4,1,1,192,1,1,0,0,0,1,1,5,1,1,1,1,1,3,3,1,1,6,0,0,0,0,0,0,0,0,0,0,0,0,0,0,0,4,0,0,1,3,3,2,5,0,0,5,6,4,1,0,6,1,4,0,1,4.655714286,203.3333333,0,1,0,0,0.277777778,0,0.729,0
1,5,6,1,3,1,4,4,3,5,7,4,5,1,2,0.127,0,4,4,3,1,3,3,6,2232,0,0,0,0.411764706,0,0,4,2,0,1,0,4,0,0,3,0,2,224,1,1,0,0,0,1,2,4,1,1,1,1,2,3,3,1,3,4,5,1,2,2,5,0,0,0,0,0,0,0,0,0,0,2,2,5,0,3,3,2,5,0,0,5,6,4,1,1,1,1,7,0,1,4.864285714,201.6666667,0,1,0,0,0.300925926,0,3.912,1.7
1,5,6,1,3,1,4,4,3,5,6,4,5,1,2,0.106,0,4,4,3,1,3,3,6,2232,0,0,0,0.470588235,0,0,4,2,3,0,0,3,2,0,3,1,2,224,1,1,0,0,0,1,3,3,1,1,1,1,3,3,3,1,4,2,4,2,2,2,4,0,0,0,0,0,0,0,0,0,0,2,2,5,0,3,3,2,5,0,0,5,6,4,1,1,1,1,7,0,1,5.072857143,200,0,1,0,0,0.324074074,0,3.733,1.719
1,2,6,2,0,3,4,4,3,5,1,5,6,2,2,0.49,0,4,4,2,1,3,3,6,2217,2,0,0,0.529411765,0,0,3,1,3,2,0,2,0,3,4,0,2,232,3,1,0,0,0,1,1,4,2,2,1,1,1,1,3,1,1,6,0,0,0,0,0,0,0,0,0,0,0,0,0,0,0,4,0,0,1,3,3,1,5,0,0,4,1,4,1,1,6,1,7,0,0,5.281428571,198.3333333,0,1,0,0,0.347222223,0,0.708,0
1,1,3,7,1,1,4,1,1,3,4,6,4,1,4,0.36,0,4,4,2,2,3,2,6,2228,2,0,0,0.588235294,0,0,3,2,0,5,1,0,0,0,0,2,2,184,3,1,0,0,0,1,1,5,1,1,1,1,1,1,3,1,1,6,0,0,0,0,0,0,0,0,0,0,0,0,0,0,0,2,2,5,0,3,3,1,4,1,2,5,1,4,1,1,6,1,7,0,0,5.49,196.6666667,0,1,0,0,0.370370371,0,4.167,3.796
1,5,6,4,1,0,4,5,3,5,7,4,6,2,2,0.3,0,4,4,1,1,3,2,4,2026,2,0,0,0.647058824,0,0,2,3,0,2,2,1,3,0,3,1,2,125,4,2,2,1,2,1,4,3,3,2,4,1,1,1,2,2,2,5,5,1,1,1,4,0,0,0,0,0,0,0,0,0,0,2,2,4,0,3,3,1,5,0,0,5,1,4,1,1,6,1,7,0,1,5.745,195,0,1,0,0,0.393518519,0,2.587,3.788
1,5,6,4,1,3,4,2,2,5,7,5,6,3,1,0.01,0,4,4,1,2,3,2,4,1987,2,0,0,0.705882353,0,0,3,3,0,0,3,0,3,0,1,2,3,80,3,4,2,1,1,1,4,1,1,2,3,1,1,3,1,4,2,5,5,3,2,2,2,0,0,0,0,0,0,0,0,0,0,1,2,4,0,3,3,2,5,0,0,4,1,4,1,1,6,1,7,0,1,6,193.3333333,0,1,0,0,0.416666667,0,4.639,6.434
1,5,7,1,2,1,4,5,3,4,7,6,6,1,2,0.16,0,4,4,2,1,3,2,6,1968,0,0,0,0.764705882,0,0,2,3,0,4,0,2,0,0,3,1,1,224,1,1,0,0,0,1,1,4,1,1,2,1,2,3,3,2,3,4,5,1,2,2,1,0,0,0,0,0,0,0,0,0,0,2,2,5,1,3,3,2,5,0,0,5,1,4,1,1,6,1,7,0,1,6.255,191.6666667,0,1,0.333333333,0,0.401234568,0,4.219,2.684
1,5,7,1,0,0,4,5,3,5,7,4,6,5,4,0.56,0,4,4,2,1,3,2,4,1479,2,0,0,0.823529412,0,0,2,3,0,5,2,2,2,1,1,0,2,62,4,1,0,0,0,1,2,4,3,2,2,2,1,3,3,2,2,5,5,1,1,1,4,0,0,0,0,0,0,0,0,0,0,2,2,5,1,3,2,1,5,0,0,5,1,4,1,0,6,1,7,0,1,6.51,190,0,0,0,0,0.385802469,0,4.965,2.891
1,5,7,1,0,0,3,4,3,6,7,6,3,4,4,0.6,0,4,4,3,1,3,3,4,2195,0,0,0,0.882352941,0,0,4,3,1,4,1,2,2,1,2,0,2,168,4,1,0,0,0,1,1,4,3,2,1,1,1,1,3,2,1,5,5,1,1,1,5,0,0,0,0,0,0,0,0,0,0,5,0,0,0,3,3,1,5,0,0,5,1,4,1,0,6,1,0,0,0,5.49,153.3333333,0,0,0,0,0.370370371,0,0,0
1,5,7,1,0,0,3,4,3,6,7,6,3,4,4,0.6,0,4,4,3,1,3,3,4,2195,0,0,0,0.941176471,0,0,4,1,3,1,0,2,0,2,2,2,2,160,3,2,2,1,1,1,1,5,1,1,1,1,1,1,3,0,1,6,0,0,0,0,0,0,0,0,0,0,0,0,0,0,0,5,0,0,1,3,3,1,5,0,0,5,1,4,1,1,6,1,7,0,0,4.47,116.6666667,0,0,0,0,0.354938272,0,0,0
1,5,7,1,0,0,3,5,3,5,7,6,4,5,4,0.39,0,4,4,3,1,2,3,4,2009,0,0,0,1,0,0,1,1,0,0,0,3,0,1,4,0,3,128,1,1,0,0,0,1,1,3,3,2,3,1,1,1,3,2,2,5,5,1,1,1,5,0,0,0,0,0,0,0,0,0,0,4,0,0,1,3,3,1,5,0,0,5,1,4,1,1,6,1,7,0,0,3.45,80,0,0,0,0,0.339506173,0,0.75,0
1,6,7,1,0,0,4,1,1,5,7,5,2,2,4,0.31,0,4,4,3,1,2,3,4,2241,0,0,0,1,0,0,4,1,3,1,0,2,0,3,4,1,3,224,3,1,0,0,0,1,1,4,1,1,1,1,1,1,3,2,1,6,0,0,0,0,0,0,0,0,0,0,0,0,0,0,0,5,0,0,1,3,3,1,5,0,0,4,1,4,1,1,4,1,7,0,0,4.885,85,0,0,0,0,0.324074074,0,0,0
1,4,7,1,0,0,4,2,1,4,7,6,3,5,4,0.26,0,4,4,1,1,3,3,2,2292,2,0,0,1,0,0,1,3,0,1,1,0,5,0,1,0,1,64,4,1,0,0,0,1,5,1,3,2,3,1,1,2,2,4,2,1,4,2,2,1,1,0,0,0,0,0,0,0,0,0,1,1,2,4,0,2,3,1,5,0,0,4,1,4,1,1,6,1,7,0,0,6.32,90,0,0,0,0,0.308641976,0,4.843,4.976
1,5,7,1,0,3,4,5,3,5,7,4,6,5,4,0.77,0,4,4,3,1,3,3,4,1493,2,0,0,0.75,0,0,2,1,3,2,0,2,0,2,3,2,3,160,1,2,1,1,1,1,2,5,3,1,2,1,1,2,3,2,2,4,4,2,2,2,5,0,0,0,0,0,0,0,0,0,0,4,0,0,1,3,3,1,5,0,0,5,1,4,1,1,6,1,7,0,1,3.69,96,0,0,0,0,0.293209877,0,0.733,0
1,5,7,1,0,0,5,5,3,3,7,6,6,5,4,0.73,0,4,4,1,1,3,2,4,1418,0,0,0,0.5,0,0,2,3,0,2,1,1,4,1,2,0,1,232,4,1,0,0,0,1,4,2,1,2,2,2,1,2,4,4,2,1,5,2,2,2,1,0,0,0,0,0,0,0,0,0,0,1,2,5,1,2,3,2,5,0,0,5,1,4,1,0,6,1,7,0,0,5.82,20,1,0,0,0,0.277777778,0,5.657,3.364
1,5,7,1,3,0,4,1,1,5,7,6,6,5,4,0.42,0,4,4,1,1,3,3,4,1340,0,0,0,0.25,0,0,2,3,0,2,0,0,3,0,3,2,1,72,3,2,3,1,2,1,4,1,3,2,3,2,1,3,3,4,2,2,2,2,2,1,1,0,0,0,0,0,0,0,0,0,1,1,2,4,0,1,3,1,5,0,0,4,1,4,1,0,6,1,7,0,2,7.13,85,0,0,0,0,0.262345679,0,5.722,2.295
2,5,7,1,0,0,5,1,2,1,4,3,5,5,4,0.54,0,4,4,3,1,2,1,4,1887,0,0,0,0,0,0,4,3,0,5,2,1,1,1,1,0,2,42,4,1,0,0,0,1,1,1,3,2,4,2,1,2,3,4,2,3,5,2,2,1,4,0,0,0,0,0,0,0,0,0,1,2,2,4,0,3,3,1,5,0,0,5,1,4,1,1,5,1,1,0,0,6.67,186,0,0,0,0,0.24691358,0,4.219,1.695
2,5,7,1,3,0,4,1,2,4,7,6,6,4,0,0.16,0,4,4,1,1,2,3,3,1632,2,0,0,0,0,0,2,3,0,1,1,0,5,0,1,2,1,72,3,2,3,1,2,1,5,2,1,2,2,3,1,3,3,4,2,2,2,2,3,3,1,0,0,0,0,0,0,0,0,0,1,1,2,4,0,1,2,2,5,0,0,4,1,4,2,2,6,1,7,0,2,6.42,105,0,0,0,0,0.231481482,0,7.398,4.409
2,5,7,1,3,0,4,1,1,2,6,6,6,5,4,0.41,0,4,4,1,2,2,3,4,1348,1,0,0,0,0,0,4,3,4,0,0,0,4,0,2,2,1,64,4,2,4,1,2,1,2,2,1,1,2,1,1,1,4,3,2,1,3,3,3,3,1,0,0,0,0,0,0,0,0,0,1,1,2,4,0,2,2,1,4,1,3,5,1,4,2,2,2,1,7,0,0,7.89,194,0,0,0,0,0.216049383,0,6.759,4.103
2,5,7,1,3,0,5,5,3,3,7,5,6,5,4,0.55,0,4,4,1,1,3,3,3,1407,0,0,0,0,0,0,2,4,3,1,0,1,1,1,2,4,2,232,4,4,2,1,1,1,2,2,2,2,3,1,2,2,4,4,3,1,2,2,2,2,4,0,0,0,0,0,0,0,0,0,1,2,1,3,0,1,3,1,5,0,0,5,1,4,1,1,6,1,7,0,1,6.35,63,1,0.333333333,0,0,0.200617284,0,3.177,1.363
2,5,5,6,3,2,4,1,1,1,2,5,1,2,2,0.025,0,4,4,3,2,3,2,1,2017,2,1,0,0,0,0,4,3,0,5,0,2,0,0,1,0,2,232,3,1,0,0,0,1,1,4,3,2,1,1,1,3,4,1,2,5,5,1,1,2,1,0,0,0,0,0,0,0,0,0,0,1,2,4,0,3,3,2,5,0,0,5,1,4,1,1,6,1,7,0,1,6.085714286,61.85714286,0.9,0.666666667,0.333333333,0,0.185185185,0,6.556,5.492
2,5,7,1,3,0,5,2,2,4,4,4,3,5,4,0.2,0,4,4,2,1,3,1,3,1971,2,0,0,0.166666667,0,0,3,2,3,0,0,0,1,0,2,0,1,0,4,4,3,2,1,1,1,3,1,1,1,1,1,2,3,2,1,4,3,1,2,1,1,0,0,0,0,0,0,0,0,0,0,1,1,2,0,3,3,1,5,0,0,5,1,4,3,1,6,1,7,0,0,5.821428571,60.71428571,0.8,1,0.333333333,0,0.169753087,0,6.148,5.193
2,4,5,2,2,2,3,2,2,2,4,6,2,1,4,0.005,1,4,4,2,2,3,3,6,2039,0,0,0,0.333333333,0,0,4,1,0,1,0,2,0,2,3,2,3,224,2,3,1,1,1,1,1,5,1,1,1,1,1,3,3,1,1,6,0,0,0,0,0,0,0,0,0,0,0,0,0,0,0,5,0,0,1,3,3,1,5,0,0,5,1,4,1,1,6,1,7,0,1,5.557142857,59.57142857,0.7,1,0,0,0.154320988,0,0,0
2,5,7,1,0,0,5,5,3,3,5,6,6,5,4,0.75,0,4,4,2,1,3,1,4,1363,0,0,0,0.5,0,0,2,3,0,5,0,5,0,1,1,1,3,168,3,1,0,0,0,1,1,4,1,2,1,2,1,2,4,2,1,5,5,1,1,1,5,0,0,0,0,0,0,0,0,0,0,5,0,0,1,3,3,1,5,0,0,5,1,4,1,1,1,1,7,0,1,5.292857143,58.42857143,0.6,0.857142857,0,0,0.138888889,0,0,0
2,6,7,2,3,1,4,1,3,5,5,5,6,1,3,0.28,0,4,4,3,1,3,3,6,1824,2,0,0,0.666666667,0,0,2,1,0,1,0,3,0,0,4,2,2,224,1,2,1,1,1,1,1,5,1,1,1,1,1,3,3,1,2,6,0,0,0,0,0,0,0,0,0,0,0,0,0,0,0,4,0,0,1,3,3,1,5,0,0,5,6,4,1,3,6,1,7,0,0,5.028571429,57.28571429,0.5,0.714285714,0,0,0.12345679,0,0.729,0
2,5,7,4,2,1,3,4,3,5,6,3,5,2,2,0.006,0,4,4,1,1,3,0,6,2146,2,0,0,0.833333333,0,0,4,1,0,0,0,0,0,1,5,2,1,192,4,4,4,1,1,1,1,5,1,1,1,1,1,3,3,1,2,5,1,1,1,1,5,0,0,0,0,0,0,0,0,0,0,5,0,0,1,3,3,1,5,0,0,5,1,4,1,1,6,1,7,0,1,4.764285714,56.14285714,0.4,0.571428571,0,0,0.108024691,0,0,0
2,5,5,1,3,0,4,5,3,1,5,5,6,1,4,0.49,0,4,4,2,1,3,2,4,1421,0,0,0,1,0,0,1,1,3,2,0,2,0,3,3,2,2,160,1,2,1,1,1,1,1,5,1,1,1,1,1,1,3,2,1,5,1,1,1,1,5,0,0,0,0,0,0,0,0,0,0,1,3,5,1,3,3,1,4,2,2,5,1,4,1,1,6,1,7,0,1,4.5,55,0.3,0.428571429,0,0,0.092592593,0,5.667,3.591
2,5,7,1,0,0,5,5,3,2,3,5,6,4,4,0.75,0,4,4,2,1,3,3,4,1337,0,0,0,1,0,0,2,3,0,1,0,1,5,1,1,1,1,72,4,1,0,0,0,1,5,2,3,2,3,2,1,2,4,3,1,4,1,2,1,1,5,0,0,0,0,0,0,0,0,0,0,3,2,5,1,3,3,1,5,0,0,5,1,4,1,1,6,1,7,0,1,4.826666667,101,0.2,0.285714286,0,0,0.077160494,0,2.782,0.672
3,5,7,1,3,0,5,5,3,5,3,6,5,5,4,0.82,0,4,4,3,1,3,3,4,1408,2,0,0,1,0,0,2,2,3,1,0,1,0,2,2,3,3,192,4,3,2,1,1,1,1,5,1,1,1,1,1,1,3,2,1,5,1,1,1,1,5,0,0,0,0,0,0,0,0,0,0,4,0,0,1,3,3,1,5,0,0,5,1,4,1,1,3,1,4,0,1,5.153333333,88.75,0.1,0.142857143,0,0,0.061728395,0,0.694,0
3,5,7,1,3,0,4,5,3,2,4,5,6,5,4,0.23,0,4,4,2,1,3,1,4,1624,0,0,0,1,0,0,2,2,4,2,1,0,1,0,3,4,1,72,3,1,0,0,0,1,2,3,3,2,2,2,1,3,4,3,3,2,5,2,2,2,5,0,0,0,0,0,0,0,0,0,0,4,2,3,1,2,3,1,4,1,2,5,2,4,3,2,3,1,7,0,0,5.48,76.5,0,0,0,0,0.046296296,0,0.719,0
3,4,6,4,3,0,4,1,2,3,6,6,2,5,4,0.16,0,4,4,3,1,3,3,4,2075,0,0,0,1,0,0,1,2,3,1,0,3,0,3,2,2,2,160,1,2,3,1,2,1,2,4,3,1,1,1,1,2,3,2,1,5,5,1,1,1,5,0,0,0,0,0,0,0,0,0,0,4,0,0,1,3,2,1,5,0,0,4,1,4,1,1,0,1,7,1,0,7.12,64.25,0,0,0,0,0.030864198,0,0.854,0
3,5,6,2,3,0,3,4,3,5,4,3,6,4,4,0.47,0,4,4,3,1,3,3,4,1692,0,0,0,0.666666667,0,0,4,1,3,1,0,1,0,2,1,4,2,128,1,3,3,1,1,1,2,5,3,2,1,1,1,1,3,1,1,6,0,0,0,0,0,0,0,0,0,0,0,0,0,0,0,4,0,0,1,3,3,1,5,0,0,5,1,4,2,1,6,1,7,0,0,4.65,52,0.111111111,0.333333333,0,0,0.015432099,0,0.667,0
3,4,1,4,3,2,5,1,2,4,4,6,1,2,2,0.001,0,4,4,2,2,2,2,6,1945,2,0,0,0.333333333,0,0.25,4,3,0,0,0,0,5,0,2,1,3,80,3,2,3,2,2,1,5,4,1,0,4,1,1,3,3,2,4,3,5,1,1,1,4,1,1,0,0,0,0,0,0,1,0,1,2,4,0,3,3,1,3,2,2,5,1,4,1,1,6,1,7,0,0,4.96875,51.8,0.222222222,0.666666667,0,0,0,0,5.865,6.639
3,4,5,4,0,0,5,1,1,4,4,4,1,5,4,0.08,0,4,4,1,1,3,2,4,2254,2,0,0,0,0,0.5,4,3,0,3,0,3,0,2,0,2,2,224,3,2,1,1,2,1,2,2,1,2,4,3,1,3,3,2,2,4,5,1,2,1,3,0,0,0,0,0,0,0,0,0,0,1,2,5,0,2,1,2,5,0,0,4,1,4,1,0,6,1,7,0,0,5.2875,51.6,0.333333333,1,0.5,0.033333333,0,0,4.833,6.621
3,4,6,2,0,0,3,4,3,1,5,3,3,5,2,0.01,0,4,2,2,1,2,1,4,2241,0,0,0,0,0,0.75,2,3,0,0,0,0,2,0,4,3,2,64,1,2,2,2,1,2,2,1,1,1,2,1,1,1,2,1,2,5,4,2,2,1,1,0,0,0,0,0,0,0,0,0,0,1,1,1,0,0,3,2,3,1,4,4,1,4,3,0,6,1,7,0,0,5.60625,51.4,0.444444444,1,0.5,0.066666667,0,0,4.713,5.04
3,5,7,1,0,0,5,1,2,5,3,3,4,5,4,0.37,0,4,4,2,1,3,2,4,1971,0,0,0,0,0,1,4,3,1,2,0,2,0,2,0,3,2,168,1,3,1,1,1,1,1,2,3,2,1,1,1,2,3,2,2,4,5,1,1,1,5,0,0,0,0,0,0,0,0,0,0,5,0,0,1,3,1,1,5,0,0,5,1,4,1,1,5,1,7,0,0,5.925,51.2,0.555555556,1,0,0.1,0,0,0,0
3,5,6,1,2,1,4,2,2,2,4,5,3,2,2,0.212,0,4,4,3,1,3,3,6,2039,2,0,0,0,0,0.75,4,2,1,1,0,3,0,2,4,1,3,224,1,1,0,0,0,1,1,5,1,1,1,1,1,3,3,1,1,6,0,0,0,0,0,0,0,0,0,0,0,0,0,0,0,4,0,0,1,3,3,2,5,0,0,5,1,4,1,1,6,1,7,0,1,6.24375,51,0.666666667,1,0.333333333,0.133333333,0,0,0.729,0
3,5,6,2,0,0,5,5,3,4,6,4,2,4,4,0.12,0,4,4,1,1,3,2,6,2092,0,1,0,0,0,0.5,2,1,3,0,0,2,0,2,3,2,2,128,3,1,0,0,0,1,2,3,1,1,1,1,1,1,3,1,1,6,0,0,0,0,0,0,0,0,0,0,0,0,0,0,0,4,0,0,0,3,1,1,4,2,2,5,1,4,1,1,6,1,7,0,0,6.5625,50.8,0.777777778,1,0.5,0.166666667,0,0,0.486,0
3,5,7,4,2,1,4,4,3,4,4,5,5,2,2,0.28,0,4,4,2,1,2,3,4,1974,1,0,0,0.083333333,0,0.25,1,3,0,3,0,0,4,0,0,0,2,104,4,1,0,0,0,1,3,2,2,2,4,1,1,3,4,3,3,4,4,3,2,2,1,0,0,0,0,0,0,0,0,0,1,1,2,4,0,2,3,2,5,0,0,3,6,4,1,0,6,1,7,0,0,6.88125,50.6,0.888888889,1,0.5,0.2,0,0,5.556,4.129
3,4,5,7,0,3,2,1,3,5,6,6,6,5,1,0.67,0,4,4,3,1,2,3,2,1706,2,0,0,0.166666667,0,0,4,3,4,0,1,0,3,0,2,3,1,64,1,3,3,3,2,1,1,1,1,1,1,1,1,1,2,5,2,1,5,2,2,1,5,0,0,0,0,0,0,0,0,0,1,2,1,3,1,3,3,1,3,2,2,5,1,4,1,1,5,1,7,0,0,7.2,50.4,1,1,0,0.233333333,0,0,2.5,2.201
3,5,6,4,2,1,4,4,3,4,7,5,5,2,4,0.156,0,4,4,2,1,3,2,2,1947,2,0,0,0.25,0,0,2,3,3,5,0,2,0,0,0,0,1,232,4,1,0,0,0,1,1,4,2,2,2,1,1,3,4,2,2,5,5,1,1,1,5,0,0,0,0,0,0,0,0,0,0,4,0,0,0,3,3,2,5,0,0,5,6,4,1,1,6,1,1,0,0,6.885,50.2,1,1,0.333333333,0.266666666,0,0,0.733,0
3,5,7,1,0,0,5,5,3,4,1,6,6,3,4,0.45,0,4,4,2,1,3,2,4,1428,0,0,0,0.333333333,0,0,2,3,0,4,0,2,3,1,1,0,1,232,3,1,0,0,0,1,3,3,2,2,2,2,1,3,4,4,2,2,5,2,2,2,2,0,0,0,0,0,0,0,0,0,1,2,1,5,0,1,3,2,5,0,0,5,1,4,1,0,6,1,7,0,1,6.57,50,1,1,0,0.3,0,0,3.993,2.062
3,5,6,2,2,1,4,3,2,5,6,6,6,2,2,0.17204,0,4,4,2,2,3,2,6,1801,0,0,0,0.416666667,0,0,2,2,0,2,0,2,0,1,3,2,2,224,4,2,4,1,1,1,1,5,1,1,1,1,1,3,3,1,1,6,0,0,0,0,0,0,0,0,0,0,0,0,0,0,0,5,0,0,1,3,3,1,5,0,0,5,1,4,1,1,6,1,7,0,1,6.342,54.375,0.857142857,1,0,0.333333333,0,0,0,0
3,5,7,4,2,1,4,2,3,5,5,5,5,2,4,0.44,0,4,4,1,2,3,3,6,1943,0,0,0,0.5,0,0,2,2,0,0,0,2,0,1,4,3,2,192,4,3,2,1,1,1,1,5,1,1,1,1,1,3,3,1,1,6,0,0,0,0,0,0,0,0,0,0,0,0,0,0,0,4,0,0,1,3,3,2,4,2,2,5,6,4,2,1,6,1,7,0,0,6.114,58.75,0.714285714,1,0,0.266666666,0.066666667,0,0.694,0
3,4,6,4,3,2,3,3,2,4,6,4,3,5,4,0.412,0,4,4,1,3,2,1,4,2062,0,0,0,0.583333333,0,0,4,3,0,0,0,0,5,0,0,3,0,64,3,4,1,2,1,1,5,1,1,0,4,2,3,3,2,3,3,4,4,2,3,2,1,0,0,0,0,0,0,0,0,0,0,1,1,4,0,1,3,2,4,1,4,2,6,4,3,0,6,1,7,0,2,5.886,63.125,0.571428571,1,0.5,0.2,0.133333333,0,6.102,4.392
3,4,7,2,3,1,4,1,3,4,1,4,4,5,1,0.279,0,4,4,1,2,2,2,4,1947,2,0,0,0.666666667,0,0,4,3,0,0,2,0,5,0,0,0,0,80,3,1,0,0,0,1,5,1,1,2,4,2,1,3,2,3,3,3,5,3,2,2,1,0,0,0,0,0,0,0,0,0,1,1,1,5,0,3,3,2,4,2,3,3,6,4,1,0,6,1,7,0,0,5.658,67.5,0.428571429,1,0,0.133333333,0.2,0,4.296,6.363
3,4,0,7,2,3,4,4,3,5,4,6,4,1,4,0.25,0,4,4,2,1,3,3,6,2038,2,0,0,0.75,0,0,3,3,0,0,0,0,1,0,5,2,1,64,3,2,1,1,1,1,5,4,1,1,1,1,1,2,2,2,1,5,5,1,1,1,5,1,1,0,0,0,0,0,0,0,0,3,2,2,0,3,3,1,5,0,0,5,1,4,1,1,6,1,7,0,1,5.43,71.875,0.285714286,1,0,0.066666667,0.266666666,0,2.833,2.12
3,4,7,2,3,1,5,4,3,5,4,3,3,5,2,0.6162,0,4,4,2,2,3,3,6,2029,2,0,0,0.833333333,0,0,4,1,0,1,0,3,1,1,3,2,2,224,1,2,3,1,1,1,1,5,1,1,1,1,1,3,3,1,2,4,5,1,1,1,2,0,0,0,0,0,0,0,0,0,0,5,0,0,1,3,3,2,5,0,0,4,1,4,1,1,6,1,7,0,0,4.48,76.25,0.142857143,1,0,0,0.333333333,0,0,0
3,6,7,1,0,0,4,2,1,5,4,4,2,3,4,0.15,0,4,4,3,1,3,3,4,2241,0,0,0,0.916666667,0,0,4,1,3,2,0,2,1,2,4,1,3,160,1,1,0,0,0,1,1,5,1,1,1,1,1,1,4,2,2,5,5,1,1,1,5,0,0,0,0,0,0,0,0,0,0,5,0,0,1,3,3,1,4,2,1,5,1,4,1,1,4,1,7,0,0,3.53,80.625,0,0,0,0,0.25,0,0,0
3,5,7,1,0,0,4,1,3,6,5,6,3,4,4,0.12,0,4,4,2,1,3,3,4,2341,2,0,0,1,0,0,3,3,0,0,3,0,3,0,3,0,2,80,4,1,0,0,0,1,3,4,3,2,1,1,1,2,5,4,1,2,5,2,1,2,5,0,0,0,0,0,0,0,0,0,0,4,0,0,1,3,3,1,5,0,0,5,1,4,1,0,6,1,7,0,0,5.13,85,0,0,0,0,0.166666667,0,0.646,0
3,5,7,1,0,0,4,1,3,6,5,6,3,5,4,0.18,0,4,4,0,1,3,3,4,2341,0,0,0,1,0,0,0,3,0,4,2,1,1,1,2,0,3,232,4,1,0,0,0,1,2,4,1,2,1,1,1,2,4,2,2,4,5,2,2,2,5,0,0,0,0,0,0,0,0,0,0,5,0,0,1,3,3,1,5,0,0,5,1,4,2,1,5,1,7,0,0,4.01,88,0,0,0,0,0.083333333,0,0,0
3,4,6,4,0,0,4,1,2,3,6,6,2,5,4,0.16,0,4,4,3,1,3,3,4,2075,0,0,0,1,0,0,4,3,2,5,0,2,0,0,0,0,1,168,4,1,0,0,0,1,1,2,3,2,4,1,1,2,3,1,1,6,0,0,0,0,0,0,0,0,0,0,0,0,0,0,0,4,0,0,1,3,3,1,4,2,2,4,1,4,1,3,4,1,7,0,0,3.955,89,0,0,0,0,0,0,0.625,0
4,5,7,1,3,0,5,5,3,5,3,6,6,3,4,0.51,0,4,4,3,1,3,3,4,1698,0,0,0,0.8,0,0,2,2,3,1,0,2,2,2,3,3,3,224,1,3,2,1,1,1,2,5,2,2,1,1,1,3,3,2,1,4,4,2,2,2,5,0,0,0,0,0,0,0,0,0,0,2,2,4,0,3,3,1,5,0,0,5,1,4,1,0,6,1,7,0,1,3.9,90,0,0,0,0,0,0,3.727,0.999
4,5,7,1,3,0,4,5,3,5,3,6,5,3,4,0.53,1,4,4,3,1,3,3,5,1677,2,0,0,0.6,0,0,2,1,3,1,0,1,1,3,3,2,3,160,3,2,2,1,1,1,1,5,1,1,1,1,1,1,3,2,2,4,3,1,1,1,5,0,0,0,0,0,0,0,0,0,0,4,0,0,1,3,3,1,5,0,0,5,1,4,1,1,6,1,7,0,1,3.89,55,0,0,0,0,0,0,0.711,0
4,5,7,1,3,0,5,5,3,4,3,6,6,3,4,0.81,0,4,4,3,1,3,3,4,1464,0,0,0,0.4,0,0,2,1,3,1,0,1,0,2,3,2,3,192,4,2,1,1,1,1,1,5,1,1,1,1,1,1,3,2,1,5,1,1,1,1,5,0,0,0,0,0,0,0,0,0,0,4,0,0,1,3,0,1,5,0,0,5,1,4,1,1,6,1,7,0,1,4.04,48,0,0.5,0,0,0,0,0.556,0
4,5,7,4,3,0,4,1,1,4,4,6,6,4,4,0.01,0,4,4,1,1,3,3,4,1516,2,0,0,0.2,0,0,4,3,4,0,0,0,4,0,2,2,1,64,4,2,3,2,2,1,2,1,1,1,2,1,2,2,3,4,2,1,3,4,2,3,3,0,0,0,0,0,0,0,0,0,1,1,2,5,0,1,3,1,4,2,3,5,1,4,1,2,6,1,7,0,2,6.97,183,0,1,0,0,0,0,6.343,4.856
4,5,6,4,3,0,4,2,2,4,3,4,3,5,4,0.19,0,4,4,2,1,3,2,3,2118,2,0,0,0,0,0,2,4,3,0,0,0,1,0,1,6,0,0,4,5,1,1,1,3,1,1,3,1,1,1,1,2,4,4,2,2,4,1,1,1,1,0,0,0,0,0,0,0,0,0,0,1,2,2,1,1,3,1,5,0,0,1,1,4,3,1,6,1,7,0,2,6.885714286,162.875,1,1,0.333333333,0,0,0,6.148,5.841
4,5,7,1,3,0,5,4,2,4,3,3,3,2,1,0.27,0,4,4,3,1,2,2,4,2140,2,0,0,0,0,1,4,1,3,2,0,0,3,2,4,1,1,224,3,1,0,0,0,1,2,3,1,2,1,1,1,3,3,1,2,5,4,2,3,3,5,0,0,0,0,0,0,0,0,0,0,3,2,4,0,1,3,1,4,2,2,5,1,4,1,2,6,1,7,0,2,6.801428571,142.75,0.833333333,1,0.333333333,0,0,0,3.125,2.816
4,5,4,4,0,0,4,4,3,5,6,5,2,4,4,0.12,0,4,4,2,1,3,3,6,2181,0,0,0,0,0,0,2,1,0,2,0,3,0,2,3,1,2,224,1,1,0,0,0,1,2,5,1,1,1,1,1,1,3,1,1,6,0,0,0,0,0,0,0,0,0,0,0,0,0,0,0,5,0,0,1,3,3,1,3,2,3,5,1,4,1,0,6,1,7,0,1,6.717142857,122.625,0.666666667,1,0.5,0,0,0,0,0
4,5,4,1,3,1,4,4,3,4,3,5,6,4,2,0.603,0,4,4,2,1,3,2,6,2077,2,0,0,0,0.052631579,0,4,4,0,1,1,0,2,0,1,4,0,112,4,4,1,4,1,1,2,1,1,1,1,1,3,3,2,3,4,1,5,2,2,2,4,1,2,0,0,0,1,0,0,1,0,2,2,3,0,1,3,2,4,2,2,5,1,4,1,1,5,1,7,0,1,6.632857143,102.5,0.5,1,0.333333333,0,0,0,3.628,3.478
4,5,7,2,3,1,3,4,1,5,7,6,6,2,4,0.528,0,4,4,2,2,3,3,5,1835,0,0,0,0,0.105263158,0,4,2,3,3,0,3,0,0,2,2,2,224,1,2,1,2,1,1,2,4,2,2,3,1,2,3,3,3,3,4,4,3,2,2,4,0,0,0,0,0,0,0,0,0,1,1,1,4,0,1,3,2,5,0,0,4,6,4,1,0,6,1,7,0,2,6.548571429,82.375,0.333333333,1,0.666666667,0,0,0,5.972,2.197
4,5,5,7,0,0,2,4,3,5,5,2,5,5,1,0.17,0,4,4,3,1,3,2,4,1911,0,0,0,0,0.157894737,0,4,1,3,2,0,2,0,2,3,2,2,224,1,1,0,0,0,1,1,5,1,1,1,1,1,2,3,1,1,5,5,1,1,1,5,0,0,0,0,0,0,0,0,0,0,4,0,0,1,3,3,1,5,0,0,5,6,4,1,1,6,1,7,0,0,6.464285714,62.25,0.166666667,1,0,0,0,0,0.778,0
4,5,7,1,3,0,4,4,3,3,3,5,3,5,4,0.34,0,4,4,2,1,2,0,4,2011,0,0,0,0.5,0.210526316,0,4,4,0,0,0,0,0,0,0,6,0,0,4,5,2,1,1,1,1,1,2,2,4,2,3,1,5,3,3,2,1,2,2,1,5,0,0,0,0,0,0,0,0,0,0,2,1,2,1,3,3,1,5,0,0,1,5,4,1,1,6,1,7,0,0,6.38,42.125,0,1,0,0,0,0,1.285,1.659
4,5,7,1,3,0,4,5,3,4,3,3,6,3,4,0.5,0,4,4,2,1,3,3,4,1380,0,0,0,1,0.263157895,0,1,2,3,1,0,1,0,1,4,3,3,168,4,3,1,1,2,1,2,4,3,2,2,1,2,2,3,2,2,3,3,2,2,1,2,0,0,0,0,0,0,0,0,0,1,3,2,4,1,3,3,2,5,0,0,5,1,4,1,1,6,1,7,0,1,6.42,22,0,1,0,0,0,0,2.921,0.874
4,5,7,1,3,0,4,5,3,4,4,2,6,5,4,0.6,0,4,4,2,1,3,3,3,1380,0,0,0,1,0.315789474,0,1,1,0,1,0,1,0,1,2,3,3,168,4,3,2,1,1,1,2,5,1,1,1,1,1,1,3,2,1,5,1,1,1,1,5,0,0,0,0,0,0,0,0,0,0,5,0,0,1,3,3,1,5,0,0,5,1,4,1,1,6,1,7,0,1,6.39125,22.875,0,1,0,0,0,0,0,0
4,5,6,4,3,1,4,2,1,5,4,3,5,5,1,0.00085,0,4,4,1,2,3,2,4,1970,2,0,0,1,0.368421053,0,4,4,3,0,3,0,0,0,2,4,0,20,4,4,1,2,1,1,1,1,1,2,4,1,2,3,2,3,4,3,2,3,3,3,1,0,0,0,0,0,0,0,0,0,1,1,1,2,0,1,3,3,5,0,0,3,6,4,2,0,6,1,7,0,2,6.3625,23.75,0,1,0,0,0,0,5.639,6.428
4,5,6,4,3,1,3,4,3,5,4,5,5,3,2,0.086,0,4,4,1,1,3,2,2,2207,0,0,0,1,0.421052632,0,2,3,3,6,0,0,0,1,1,0,0,40,3,1,0,0,0,1,1,4,1,1,4,1,1,3,2,2,3,5,5,1,2,2,3,0,0,0,0,0,0,0,0,0,1,1,1,4,0,3,3,2,5,0,0,5,1,4,1,1,6,1,7,0,1,6.33375,24.625,0,0.875,0.5,0,0,0,5.722,5.133
4,5,6,4,1,1,3,4,3,4,3,4,5,2,1,0.75,0,4,4,1,3,1,2,4,2202,0,0,0,1,0.473684211,0,4,3,2,5,0,2,0,2,0,0,0,224,3,1,0,0,0,1,3,4,3,1,3,1,1,3,3,2,3,4,5,2,2,2,5,0,0,0,0,0,0,0,0,0,0,2,1,5,0,3,3,2,5,0,0,4,2,4,1,0,6,1,7,0,0,6.305,25.5,0,0.75,0.5,0,0,0,3.854,2.612
4,5,7,1,2,1,4,3,3,3,4,2,2,1,1,0.166,0,4,4,1,2,3,3,6,2111,2,0,0,1,0.526315789,0,4,2,0,0,0,3,0,0,4,2,1,224,1,2,1,1,1,1,1,5,1,1,1,1,1,3,3,1,1,6,0,0,0,0,0,0,0,0,0,0,0,0,0,0,0,5,0,0,1,3,3,2,5,0,0,5,6,4,2,1,6,1,7,0,0,6.27625,26.375,0,0.625,0,0,0,0,0,0
4,5,5,7,3,2,2,3,3,5,4,4,4,1,1,0.865,0,4,4,2,3,3,3,6,2099,0,0,0,1,0.578947368,0,3,1,3,4,0,2,0,2,3,1,2,225,2,1,0,0,0,1,1,4,1,1,1,1,1,3,3,1,1,6,0,0,0,0,0,0,0,0,0,0,0,0,0,0,0,5,0,0,1,3,3,1,5,0,0,5,6,4,1,1,6,1,7,0,1,6.2475,27.25,0,0.5,0,0,0,0,0,0
4,5,7,4,1,1,4,3,3,5,6,5,4,1,1,0.29,0,4,4,2,3,3,0,6,1987,2,0,0,1,0.631578947,0,1,1,0,1,0,4,0,3,3,1,2,160,1,1,0,0,0,1,1,5,1,1,1,1,1,3,3,1,2,6,0,0,0,0,0,0,0,0,0,0,0,0,0,0,0,5,0,0,1,3,3,1,4,2,2,5,6,4,1,0,6,1,7,0,0,6.21875,28.125,0,0.375,0,0,0,0,0,0
4,4,7,1,3,0,5,5,3,2,4,5,6,5,4,0.66,1,4,4,2,1,3,3,5,1357,0,0,0,1,0.684210526,0,2,3,4,0,0,1,1,1,3,3,1,232,3,3,2,1,2,1,2,2,3,2,2,1,1,2,4,4,2,2,3,2,2,1,1,0,0,0,0,0,0,0,0,0,0,1,2,4,0,1,3,2,5,0,0,5,1,4,1,1,6,1,7,0,2,6.19,29,0,0.25,0,0,0,0,5.852,1.494
4,5,5,2,3,2,4,2,3,6,1,6,6,1,4,0.0129,0,4,4,2,1,3,3,6,2080,2,0,0,1,0.736842105,0,3,3,0,0,4,0,2,0,2,1,3,84,3,1,0,0,0,1,1,1,2,1,4,1,1,3,5,4,1,6,0,0,0,0,0,0,0,0,0,0,0,0,0,0,0,5,0,0,1,1,3,1,5,0,0,5,1,4,1,1,5,1,3,0,2,6.38,66.5,0,0.125,0,0,0,0,0,0
4,5,7,1,0,0,4,4,3,5,3,6,6,3,4,0.72,0,4,4,2,1,3,3,4,1329,2,0,0,1,0.789473684,0,1,3,1,1,0,1,0,1,0,0,2,170,4,1,0,0,0,1,1,4,3,2,3,2,1,2,3,2,2,5,5,1,1,1,5,0,0,0,0,0,0,0,0,0,0,4,0,0,1,3,3,1,5,0,0,5,1,4,1,0,6,1,7,0,1,6.57,104,0,0,0,0,0,0,0.833,0
4,5,7,1,0,0,4,4,3,5,3,6,6,1,4,0.72,0,4,4,2,1,3,3,4,1329,0,0,0,1,0.842105263,0,1,1,3,2,0,2,0,2,3,1,1,160,1,1,0,0,0,1,1,5,1,2,1,1,1,2,3,2,1,5,5,1,1,1,5,0,0,0,0,0,0,0,0,0,0,4,0,0,1,3,3,1,5,0,0,5,1,4,1,1,6,1,7,0,1,5.29,89.5,0,0,0,0,0,0,0.778,0
4,4,6,6,0,0,3,3,3,6,6,6,6,4,4,0.41,0,4,4,3,1,2,3,4,1342,0,0,0,0.833333333,0.894736842,0,4,3,1,5,0,1,0,1,1,0,1,168,3,1,0,0,0,1,1,5,3,2,1,2,1,2,4,1,1,5,5,1,1,1,5,0,0,0,0,0,0,0,0,0,0,4,0,0,1,3,3,1,5,0,0,5,1,4,1,1,6,1,7,0,0,4.01,75,0,0,0,0,0,0,0.819,0
4,4,6,6,0,0,3,3,3,6,6,6,6,4,4,0.41,0,4,4,3,1,2,3,4,1342,0,0,0,0.666666667,0.947368421,0,4,1,3,3,0,3,0,3,2,1,3,160,1,1,0,0,0,1,1,5,1,1,1,1,1,1,3,1,1,5,1,1,1,1,5,0,0,0,0,0,0,0,0,0,0,5,0,0,1,3,3,1,5,0,0,5,1,4,1,1,6,1,7,0,1,5.2,82.5,0,0,0,0,0,0,0,0
4,5,7,1,0,0,4,3,2,6,3,2,3,5,4,0.24,0,4,4,1,1,3,3,2,1907,2,0,0,0.5,1,0,3,3,0,1,1,0,4,0,2,1,1,124,3,1,0,0,0,1,5,2,1,2,2,1,1,2,2,4,3,1,5,2,2,2,1,0,0,0,0,0,0,0,0,0,0,1,2,4,0,2,3,2,5,0,0,5,1,4,1,0,6,1,7,0,0,6.39,90,0,0,0,0,0,0,5.056,4.59
4,5,7,1,3,0,4,4,3,6,3,5,3,3,4,0.24,0,4,4,3,1,3,3,4,1907,0,0,0,0.333333333,1,0,3,2,1,2,0,3,0,2,2,3,1,160,1,3,2,1,1,1,1,5,2,2,1,1,1,1,3,3,2,3,5,1,1,2,5,0,0,0,0,0,0,0,0,0,0,4,0,0,1,3,3,1,5,0,0,5,2,4,1,1,6,1,7,0,1,4.1,61,0,0,0,0,0,0,0.757,0
4,5,7,1,3,0,4,5,3,4,3,2,6,5,4,0.59,0,4,4,3,1,3,3,4,1437,2,0,0,0.166666667,1,0,2,1,3,2,0,2,0,2,4,2,3,168,3,2,2,1,1,1,1,5,3,2,1,1,1,2,3,2,1,5,3,1,1,1,5,0,0,0,0,0,0,0,0,0,0,4,0,0,1,3,3,1,5,0,0,5,1,4,1,1,6,1,7,0,1,3.65,53,0,0,0,0,0,0,0.736,0
4,5,7,1,2,0,4,2,2,1,2,6,4,5,4,0.11,1,4,4,3,1,3,3,4,1954,2,0,0,0,1,0,4,4,3,0,0,0,1,0,2,5,1,68,4,4,2,2,1,1,2,1,1,1,1,1,1,2,4,4,2,1,3,2,2,2,4,0,0,0,0,0,0,0,0,0,1,2,1,3,0,2,3,1,5,0,0,5,1,4,2,1,5,1,7,0,0,6.33,156,1,0,0,0,0,0,3.547,2.421
5,5,7,1,0,0,4,5,3,5,3,2,6,5,4,0.54,0,4,4,2,1,3,1,4,1486,0,0,0,0,1,0,4,3,4,4,0,2,2,1,1,1,2,232,3,1,0,0,0,1,3,4,3,2,1,2,1,3,4,3,3,2,5,2,2,2,5,0,0,0,0,0,0,0,0,0,1,1,2,5,1,3,2,1,5,0,0,5,1,4,1,0,6,1,7,0,1,6.16,134,0,0,0,0,0,0,6.944,2.757
1,4,6,7,2,1,3,4,3,4,3,6,6,4,2,0.26,0,4,4,1,1,1,2,3,1767,2,0,0,0,1,0,3,3,0,4,0,2,2,1,2,2,2,248,3,2,2,1,2,1,1,3,3,2,4,1,1,1,1,1,2,5,5,2,1,1,1,0,0,5,0,0,0,0,0,0,1,1,2,4,0,3,3,2,5,0,0,5,1,4,1,1,6,1,7,0,1,6.225714286,134,0,0.333333333,0,0,0,0,4.778,5.84
2,4,5,6,0,0,4,1,2,5,5,4,2,5,4,0.06,0,4,4,2,2,3,2,4,1950,2,0,1,0,1,0,4,3,0,2,1,1,4,1,2,0,1,224,1,3,3,1,1,2,4,2,1,1,2,1,1,2,2,0,2,5,5,2,2,2,3,0,0,0,0,0,0,0,0,0,0,1,1,1,0,2,1,1,3,1,3,4,1,4,3,2,5,1,7,0,0,6.291428571,134,0,0.666666667,0.5,0,0,0,4.157,6.561
4,5,7,1,0,0,4,1,1,5,4,5,4,5,4,0.19,0,4,4,2,1,2,2,4,2065,2,0,0,0,1,0,4,3,4,0,0,0,3,0,2,4,1,64,1,4,1,1,1,3,3,1,1,1,2,1,1,2,4,2,2,5,3,2,2,2,1,0,0,0,0,0,0,0,0,0,1,1,1,1,0,1,3,1,5,0,0,5,1,4,3,1,5,1,7,0,0,6.357142857,134,0,1,0,0,0,0,6.194,5.784
1,4,7,2,0,0,5,1,2,5,7,0,5,5,4,2146,0,4,4,2,1,2,2,4,2146,2,1,0,0,1,0,4,3,4,0,0,0,4,0,2,2,1,80,1,2,2,1,1,3,4,1,1,1,2,1,1,2,2,3,3,4,5,2,2,2,2,0,0,0,0,0,0,0,1,0,1,1,2,1,0,1,2,2,5,0,0,1,1,4,2,2,6,1,7,0,2,6.422857143,134,0,1,0.333333333,0,0,0,6.87,-3059.572
2,5,5,4,3,2,4,0,3,5,3,5,6,4,2,0.1,0,4,4,2,1,1,3,4,2065,1,0,0,0,1,0,3,3,0,3,0,0,1,0,4,0,1,232,4,1,0,0,0,4,2,3,3,2,4,3,1,2,1,2,2,4,4,1,3,2,1,0,0,0,0,0,0,0,0,0,1,1,2,4,0,2,3,3,4,2,3,3,1,4,1,1,6,1,7,0,0,6.488571429,134,0,1,0,0,0,0,5.139,4.841
1,1,6,6,3,1,4,4,3,5,6,6,4,1,4,0.9,0,4,1,1,1,3,1,6,2169,2,0,0,0,1,0,3,1,0,1,0,2,0,2,5,2,2,128,3,2,1,1,1,1,1,5,1,2,1,1,1,1,3,1,1,6,0,0,0,0,0,0,0,0,0,0,0,0,0,0,0,4,0,0,1,3,3,1,5,0,0,5,1,4,1,1,6,1,7,0,1,6.554285714,134,0,1,0,0,0,0,0.694,0
1,5,6,1,0,0,4,1,1,5,7,5,6,5,1,0.39,0,4,4,2,1,3,2,4,1538,2,0,0,0,1,0,4,3,0,2,3,0,2,0,0,0,3,94,4,1,0,0,0,1,3,3,3,1,1,2,1,2,5,2,1,6,0,0,0,0,0,0,0,0,0,0,0,0,0,0,0,1,2,4,0,3,1,2,4,2,2,5,1,4,1,1,6,0,7,0,0,6.62,134,0,1,0,0,0,0,4.111,5.289
